"key","en","es","fr","status"
"nav.home","Home","Inicio","Accueil","ok"
"nav.campaigns","Campaigns","Campañas","Campagnes","ok"
"nav.community","Community Hub","Comunidad","Communauté","ok"
"nav.advocacy","Advocacy","Defensa","Défense","ok"
"nav.podcasts","Podcasts & Stories","Podcasts y relatos","Balados et récits","ok"
"nav.resources","Resources","Recursos","Ressources","ok"
"nav.events","Events","Eventos","Événements","ok"
"nav.wellness","Wellness","Bienestar","Bien-être","ok"
"nav.profile","Profile","Perfil","Profil","ok"
"nav.saved","Saved","Guardado","Enregistré","ok"
"nav.settings","[T] nav.settings","[T] nav.settings","[T] nav.settings","tagged"
"wellness.tools.symptom","Symptom & Pain Tracker (exportable report)","Symptom & Pain Tracker (exportable report)","Symptom & Pain Tracker (exportable report)","untranslated"
"wellness.tools.sleep","Sleep & Energy Tracker (legal/medical summary)","Sleep & Energy Tracker (legal/medical summary)","Sleep & Energy Tracker (legal/medical summary)","untranslated"
"wellness.tools.selfcare","Accessible Self‑Care Library","Accessible Self‑Care Library","Accessible Self‑Care Library","untranslated"
"wellness.tools.work_balance","Wellness + Work Balance AI","Wellness + Work Balance AI","Wellness + Work Balance AI","untranslated"
"wellness.tools.grief","Grief + Identity Support Hub","Grief + Identity Support Hub","Grief + Identity Support Hub","untranslated"
"wellness.tools.adaptive_meditation","Adaptive Meditation & Relaxation","Adaptive Meditation & Relaxation","Adaptive Meditation & Relaxation","untranslated"
"wellness.tools.rehab_games","Virtual Rehab Games (gentle movement)","Virtual Rehab Games (gentle movement)","Virtual Rehab Games (gentle movement)","untranslated"
"wellness.tools.daily_planner","Adaptive Daily Planner","Adaptive Daily Planner","Adaptive Daily Planner","untranslated"
"wellness.rehab.subtitle","Fun, accessible mini-games to encourage gentle movement and physio-style exercises. Always adapt to comfort and stop if pain increases.","Fun, accessible mini-games to encourage gentle movement and physio-style exercises. Always adapt to comfort and stop if pain increases.","Fun, accessible mini-games to encourage gentle movement and physio-style exercises. Always adapt to comfort and stop if pain increases.","untranslated"
"wellness.rehab.title","Virtual Rehab Games","Virtual Rehab Games","Virtual Rehab Games","untranslated"
"wellness.achievements.subtitle","Earn badges as you build healthy routines.","Earn badges as you build healthy routines.","Earn badges as you build healthy routines.","untranslated"
"wellness.achievements.title","Achievements","Achievements","Achievements","untranslated"
"wellness.intro","[T] wellness.intro","[T] wellness.intro","[T] wellness.intro","tagged"
"resources.intro","Here you’ll find practical tools, guides, and supports — everything from benefits applications to emergency contacts. This hub is designed to save you time and help you advocate for yourself effectively.","Here you’ll find practical tools, guides, and supports — everything from benefits applications to emergency contacts. This hub is designed to save you time and help you advocate for yourself effectively.","Here you’ll find practical tools, guides, and supports — everything from benefits applications to emergency contacts. This hub is designed to save you time and help you advocate for yourself effectively.","untranslated"
"resources.filters.all","All","All","All","untranslated"
"resources.filters.canada","Canada","Canada","Canada","untranslated"
"resources.filters.work_financial","Work & Financial","Work & Financial","Work & Financial","untranslated"
"resources.filters.tools_downloads","Tools & Downloads","Tools & Downloads","Tools & Downloads","untranslated"
"resources.filters.emergency_crisis","Emergency & Crisis","Emergency & Crisis","Emergency & Crisis","untranslated"
"resources.tools.deadlines","Deadline Calculator + Reminders","Calculadora de plazos + recordatorios","Calculateur d'échéances + rappels","ok"
"resources.tools.evidence","Evidence Checklist Generator","Generador de lista de evidencias","Générateur de liste de preuves","ok"
"resources.tools.voice_notes","Voice-to-Case Notes Tool","Notas de voz a registro de caso","Notes vocales vers notes de dossier","ok"
"resources.tools.templates","Template Gallery","Galería de plantillas","Galerie de modèles","ok"
"resources.tools.rtw","Return-to-Work Planner","Plan de regreso al trabajo","Plan de retour au travail","ok"
"resources.tools.meds","Medication & Treatment Tracker","Registro de medicamentos y tratamientos","Suivi des médicaments et traitements","ok"
"resources.tools.chronic","Chronic Condition Tracker","Seguimiento de condiciones crónicas","Suivi des affections chroniques","ok"
"resources.tools.body_mech","AI Body Mechanics Advisor","Asesor de biomecánica (IA)","Conseiller en biomécanique (IA)","ok"
"resources.tools.policy_sim","Interactive Policy Simulator","Interactive Policy Simulator","Interactive Policy Simulator","untranslated"
"resources.tools.accommodation","Accommodation Request Builder","Accommodation Request Builder","Accommodation Request Builder","untranslated"
"resources.search","[T] resources.search","[T] resources.search","[T] resources.search","tagged"
"home.title","Welcome to Empowr","Bienvenido a Empowr","Bienvenue sur Empowr","ok"
"home.subtitle","Support. Advocacy. Empowerment.","Apoyo. Defensa. Empoderamiento.","Soutien. Défense. Autonomisation.","ok"
"home.welcome","Welcome! This is your hub for community, education, advocacy tools, and podcasts — all in one place!","¡Bienvenido! Tu centro para comunidad, educación, herramientas de defensa y podcasts — ¡todo en un solo lugar!","Bienvenue ! Votre hub pour communauté, éducation, outils de défense et balados — tout au même endroit !","ok"
"header.favorites","Favs","Favs","Favs","untranslated"
"header.items","Items","Elementos","Éléments","ok"
"header.openProfile","Open profile","Abrir perfil","Ouvrir le profil","ok"
"header.signIn","Sign in","Iniciar sesión","Se connecter","ok"
"header.signOut","Sign out","Cerrar sesión","Se déconnecter","ok"
"header.refresh","Refresh all","Actualizar todo","Tout actualiser","ok"
"advocacy.tools.self_coach","Self-Advocacy Coach (micro-lessons)","Self-Advocacy Coach (micro-lessons)","Self-Advocacy Coach (micro-lessons)","untranslated"
"advocacy.tools.ai_translator","AI Advocate Translator","AI Advocate Translator","AI Advocate Translator","untranslated"
"advocacy.tools.collective","Collective Legal Action Hub","Collective Legal Action Hub","Collective Legal Action Hub","untranslated"
"advocacy.tools.policy_simple","Policy Made Simple","Policy Made Simple","Policy Made Simple","untranslated"
"advocacy.tools.ai_gov","AI Government Navigator","AI Government Navigator","AI Government Navigator","untranslated"
"advocacy.tools.ai_case","AI Case Interpreter","AI Case Interpreter","AI Case Interpreter","untranslated"
"advocacy.tools.ally_hub","Ally Hub","Ally Hub","Ally Hub","untranslated"
"advocacy.tools.finder","Lawyer & Advocate Finder","Lawyer & Advocate Finder","Lawyer & Advocate Finder","untranslated"
"advocacy.tools.ratings","Disability Justice Ratings","Disability Justice Ratings","Disability Justice Ratings","untranslated"
"advocacy.ally.intro","Cross-movement solidarity resources and quick coaching prompts for allies supporting disabled / injured workers.","Recursos de solidaridad inter‑movimientos e indicaciones rápidas para aliados que apoyan a personas con discapacidad / trabajadoras lesionadas.","Ressources de solidarité inter‑mouvements et invites rapides pour alliés soutenant des personnes handicapées / travailleuses blessées.","ok"
"advocacy.ally.linksHeader","Movement Links","Enlaces movimientos","Liens mouvements","ok"
"advocacy.ally.coachHeader","Coaching Prompt","Indicador de apoyo","Invite de coaching","ok"
"advocacy.ally.coachHelp","Describe what you want to help with (e.g., support letter, preparing for meeting, reducing overwhelm).","Describe en qué quieres ayudar (ej. carta de apoyo, preparar reunión, reducir saturación).","Décrivez ce que vous voulez aider à faire (ex. lettre de soutien, préparation réunion, réduire la surcharge).","ok"
"advocacy.ally.generate","Generate Steps","Generar pasos","Générer étapes","ok"
"advocacy.ally.generating","Generating...","Generando...","Génération...","ok"
"advocacy.policy.aiHeader","AI Simplifier","Simplificador IA","Simplificateur IA","ok"
"advocacy.policy.aiHelp","Paste policy/decision text below. Processing is local unless backend available.","Pegue texto de política/decisión abajo. Procesamiento local salvo backend configurado.","Collez le texte de politique/décision ci‑dessous. Traitement local sauf serveur configuré.","ok"
"advocacy.policy.simplify","Simplify","Simplificar","Simplifier","ok"
"advocacy.policy.simplifying","Simplifying...","Simplificando...","Simplification...","ok"
"advocacy.policy.summary","Summary","Resumen","Résumé","ok"
"advocacy.policy.keyPoints","Key Points","Puntos clave","Points clés","ok"
"advocacy.coach.practiceHeader","Practice Prompt","Indicador de práctica","Invite d'entraînement","ok"
"advocacy.coach.practiceHelp","Describe a need or goal. The coach returns structured steps.","Describe una necesidad u objetivo. El coach devuelve pasos estructurados.","Décrivez un besoin ou objectif. Le coach renvoie des étapes structurées.","ok"
"advocacy.coach.generate","Generate Practice","Generar práctica","Générer entraînement","ok"
"advocacy.coach.generating","Generating...","Generando...","Génération...","ok"
"advocacy.coach.subtitle","Micro-lessons for confidence, public speaking, and assertiveness.","Micro-lecciones para confianza, comunicación clara y asertividad.","Micro-leçons pour confiance, expression claire et assertivité.","ok"
"advocacy.coach.defaultPrompt","Request a 10-minute break each hour due to pain","Pedir una pausa de 10 minutos cada hora debido al dolor","Demander une pause de 10 minutes chaque heure à cause de la douleur","ok"
"advocacy.coach.generateError","Could not generate practice steps.","No se pudieron generar los pasos.","Impossible de générer les étapes.","ok"
"advocacy.coach.practiceInputLabel","Practice prompt input","Entrada indicador práctica","Saisie invite entraînement","ok"
"advocacy.coach.practiceGenerateLabel","Generate practice coaching","Generar coaching práctica","Générer coaching entraînement","ok"
"advocacy.coach.practiceOutputLabel","Practice coaching output","Resultado coaching práctica","Résultat coaching entraînement","ok"
"advocacy.coach.lesson.conf-1.title","Confidence Basics","Bases de confianza","Bases de confiance","ok"
"advocacy.coach.lesson.conf-1.b1","Breathe low and slow (4-4-4-4)","Respirar lento y profundo (4-4-4-4)","Respirer lentement et bas (4-4-4-4)","ok"
"advocacy.coach.lesson.conf-1.b2","Stand/sit grounded; soften shoulders","Postura estable; relajar hombros","Posture ancrée; relâcher les épaules","ok"
"advocacy.coach.lesson.conf-1.b3","Prepare one sentence purpose statement","Preparar una frase de propósito","Préparer une phrase d'objectif","ok"
"advocacy.coach.lesson.speak-1.title","Speak Clearly","Hablar con claridad","Parler clairement","ok"
"advocacy.coach.lesson.speak-1.b1","Short sentences; one point at a time","Frases cortas; un punto a la vez","Phrases courtes; une idée à la fois","ok"
"advocacy.coach.lesson.speak-1.b2","Ask to repeat/clarify questions","Pedir repetir/aclarar preguntas","Demander répétition/clarification","ok"
"advocacy.coach.lesson.speak-1.b3","Pause before answering","Pausa antes de responder","Marquer une pause avant répondre","ok"
"advocacy.coach.lesson.assert-1.title","Assertiveness in Medical/Work","Asertividad médica/laboral","Assertivité santé/travail","ok"
"advocacy.coach.lesson.assert-1.b1","Name your need: 'I need...'","Nombrar la necesidad: 'Necesito…'","Nommer le besoin : 'J'ai besoin de…'","ok"
"advocacy.coach.lesson.assert-1.b2","Explain impact briefly","Explicar impacto brevemente","Expliquer brièvement l'impact","ok"
"advocacy.coach.lesson.assert-1.b3","Offer options, ask for collaboration","Ofrecer opciones, invitar a colaborar","Proposer options, inviter à collaborer","ok"
"advocacy.coach.lesson.docs-1.title","Documentation","Documentación","Documentation","untranslated"
"advocacy.coach.lesson.docs-1.b1","Summarize call/meeting in email","Resumir llamada/reunión por correo","Résumer appel/réunion par courriel","ok"
"advocacy.coach.lesson.docs-1.b2","Attach key evidence only","Adjuntar solo evidencia clave","Joindre seulement preuves clés","ok"
"advocacy.coach.lesson.docs-1.b3","Track dates and deadlines","Registrar fechas y plazos","Suivre dates et échéances","ok"
"advocacy.disclaimer.notLegal","Educational only — not legal advice. Verify with official sources.","Solo educativo — no es asesoría legal. Verifique fuentes oficiales.","Éducatif uniquement — pas un avis juridique. Vérifiez sources officielles.","ok"
"advocacy.disclaimer.privacy","Inputs processed locally unless a configured backend is available.","Entradas procesadas localmente salvo backend configurado.","Entrées traitées localement sauf backend configuré.","ok"
"network.online","Online","En línea","En ligne","ok"
"network.offline","Offline (local only)","Sin conexión (solo local)","Hors ligne (local seulement)","ok"
"network.checking","Checking...","Comprobando...","Vérification...","ok"
"settings.title","Settings","Configuración","Paramètres","ok"
"settings.accessibility.title","Accessibility","Accesibilidad","Accessibilité","ok"
"settings.accessibility.subtitle","Make the app work better for you","Haga que la aplicación funcione mejor para usted","Faites en sorte que l'application fonctionne mieux pour vous","ok"
"settings.accessibility.highContrast","High Contrast","Alto contraste","Contraste élevé","ok"
"settings.accessibility.highContrastDesc","Increases contrast for better readability","Aumenta el contraste para mejor legibilidad","Augmente le contraste pour une meilleure lisibilité","ok"
"settings.accessibility.textSize","Text Size","Tamaño del texto","Taille du texte","ok"
"settings.accessibility.textSizeDesc","Adjust text size throughout the app","Ajustar el tamaño del texto en toda la aplicación","Ajustez la taille du texte dans toute l'application","ok"
"settings.accessibility.screenReader","Screen Reader Optimized","Optimizado para lector de pantalla","Optimisé pour lecteur d'écran","ok"
"settings.accessibility.screenReaderDesc","Optimizes content for screen readers","Optimiza el contenido para lectores de pantalla","Optimise le contenu pour les lecteurs d'écran","ok"
"settings.accessibility.reduceMotion","Reduce Motion","Reducir movimiento","Réduire les mouvements","ok"
"settings.accessibility.reduceMotionDesc","Minimizes animations and transitions","Minimiza animaciones y transiciones","Minimise les animations et transitions","ok"
"settings.accessibility.focusIndicator","Enhanced Focus Indicators","Indicadores de enfoque mejorados","Indicateurs de focus améliorés","ok"
"settings.accessibility.focusIndicatorDesc","Makes keyboard navigation more visible","Hace la navegación por teclado más visible","Rend la navigation au clavier plus visible","ok"
"settings.accessibility.tapTarget","Minimum Tap Target Size","Tamaño mínimo de área táctil","Taille minimale de zone tactile","ok"
"settings.accessibility.tapTargetDesc","Ensures buttons are easy to tap","Asegura que los botones sean fáciles de tocar","Assure que les boutons sont faciles à toucher","ok"
"settings.accessibility.dyslexiaFriendly","Dyslexia-Friendly Font","Fuente amigable para dislexia","Police adaptée à la dyslexie","ok"
"settings.accessibility.dyslexiaFriendlyDesc","Improves letter spacing and readability","Mejora el espaciado de letras y legibilidad","Améliore l'espacement des lettres et la lisibilité","ok"
"settings.accessibility.plainLanguage","Plain Language","Lenguaje sencillo","Langage simple","ok"
"settings.accessibility.plainLanguageDesc","Uses simpler, clearer text","Usa texto más simple y claro","Utilise un texte plus simple et plus clair","ok"
"settings.accessibility.captions","Captions Preferred","Subtítulos preferidos","Sous-titres préférés","ok"
"settings.accessibility.captionsDesc","Shows captions when available","Muestra subtítulos cuando estén disponibles","Affiche les sous-titres quand disponibles","ok"
"settings.accessibility.voiceMode","Voice Mode","Modo de voz","Mode vocal","ok"
"settings.accessibility.voiceModeDesc","Enables voice navigation (beta)","Habilita navegación por voz (beta)","Active la navigation vocale (bêta)","ok"
"settings.accessibility.dyslexia","[T] settings.accessibility.dyslexia","[T] settings.accessibility.dyslexia","[T] settings.accessibility.dyslexia","tagged"
"settings.accessibility.dyslexiaDesc","[T] settings.accessibility.dyslexiaDesc","[T] settings.accessibility.dyslexiaDesc","[T] settings.accessibility.dyslexiaDesc","tagged"
"settings.language.title","Language","Idioma","Langue","ok"
"settings.language.subtitle","Choose your preferred language","Elija su idioma preferido","Choisissez votre langue préférée","ok"
"settings.language.english","English","Inglés","Anglais","ok"
"settings.language.french","Français","Francés","Français","untranslated"
"settings.language.spanish","Español","Español","Espagnol","untranslated"
"settings.notifications.title","Notifications","Notificaciones","Notifications","untranslated"
"settings.notifications.subtitle","Choose what alerts you receive","Elija qué alertas recibir","Choisissez les alertes que vous recevez","ok"
"settings.notifications.enabled","Enable Notifications","Habilitar notificaciones","Activer les notifications","ok"
"settings.notifications.enabledDesc","Receive app notifications","Recibir notificaciones de la aplicación","Recevoir les notifications de l'application","ok"
"settings.notifications.sound","Notification Sound","Sonido de notificación","Son de notification","ok"
"settings.notifications.soundDesc","Play sound with notifications","Reproducir sonido con notificaciones","Jouer un son avec les notifications","ok"
"settings.notifications.vibration","Vibration","Vibración","Vibration","untranslated"
"settings.notifications.vibrationDesc","Vibrate for notifications","Vibrar para notificaciones","Vibrer pour les notifications","ok"
"settings.notifications.emergency","Emergency Alerts","Alertas de emergencia","Alertes d'urgence","ok"
"settings.notifications.emergencyDesc","Critical safety notifications","Notificaciones de seguridad críticas","Notifications de sécurité critiques","ok"
"settings.notifications.wellness","Wellness Reminders","Recordatorios de bienestar","Rappels de bien-être","ok"
"settings.notifications.wellnessDesc","Daily wellness check-ins","Chequeos diarios de bienestar","Vérifications quotidiennes de bien-être","ok"
"settings.notifications.events","Event Reminders","Recordatorios de eventos","Rappels d'événements","ok"
"settings.notifications.eventsDesc","Upcoming event notifications","Notificaciones de eventos próximos","Notifications d'événements à venir","ok"
"settings.bookmarks.title","Bookmarks","Marcadores","Signets","ok"
"settings.bookmarks.subtitle","Save quick links to app features","Guarde accesos rápidos a funciones","Enregistrez des liens rapides vers les fonctionnalités","ok"
"settings.bookmarks.description","Add bookmarks to quickly open frequently used tools and screens.","Agregue marcadores para abrir rápidamente herramientas y pantallas usadas con frecuencia.","Ajoutez des signets pour ouvrir rapidement les outils et écrans fréquemment utilisés.","ok"
"settings.bookmarks.search","Search or filter available routes","Buscar o filtrar rutas disponibles","Rechercher ou filtrer les routes","ok"
"settings.bookmarks.searchPlaceholder","Type to filter suggestions","Escriba para filtrar sugerencias","Tapez pour filtrer les suggestions","ok"
"settings.bookmarks.suggestions","Suggestions","Sugerencias","Suggestions","untranslated"
"settings.bookmarks.addSuggestion","Add bookmark for","Agregar marcador para","Ajouter un signet pour","ok"
"settings.bookmarks.route","Route Path","Ruta","Chemin de route","ok"
"settings.bookmarks.routePlaceholder","e.g. /(tabs)/resources/index","p.ej. /(tabs)/resources/index","ex. /(tabs)/resources/index","ok"
"settings.bookmarks.label","Label","Etiqueta","Libellé","ok"
"settings.bookmarks.labelPlaceholder","My Resources","Mis recursos","Mes ressources","ok"
"settings.bookmarks.add","Add Bookmark","Agregar marcador","Ajouter un signet","ok"
"settings.bookmarks.remove","Remove bookmark","Eliminar marcador","Supprimer le signet","ok"
"settings.bookmarks.empty","No bookmarks yet.","Sin marcadores aún.","Aucun signet pour l'instant.","ok"
"settings.bookmarks.clearAll","Clear All","Borrar todo","Tout effacer","ok"
"settings.bookmarks.errEmptyRoute","Route required","Ruta requerida","Chemin requis","ok"
"settings.bookmarks.errInvalid","Route not bookmarkable","Ruta no disponible","Chemin non signetable","ok"
"settings.bookmarks.errDuplicate","Already bookmarked","Ya marcado","Déjà enregistré","ok"
"settings.emergency.title","Emergency Wallet Card","Tarjeta de emergencia","Carte d'urgence portefeuille","ok"
"settings.emergency.subtitle","Quick access to important information","Acceso rápido a información importante","Accès rapide aux informations importantes","ok"
"settings.emergency.description","Create a digital emergency card with your key information for quick access when needed","Cree una tarjeta de emergencia digital con su información clave para acceso rápido cuando sea necesario","Créez une carte d'urgence numérique avec vos informations clés pour un accès rapide en cas de besoin","ok"
"settings.emergency.openLabel","[T] settings.emergency.openLabel","[T] settings.emergency.openLabel","[T] settings.emergency.openLabel","tagged"
"settings.emergency.manage","[T] settings.emergency.manage","[T] settings.emergency.manage","[T] settings.emergency.manage","tagged"
"settings.privacy.title","Privacy & Security","Privacidad y seguridad","Confidentialité et sécurité","ok"
"settings.privacy.subtitle","Control your data and security","Controle sus datos y seguridad","Contrôlez vos données et votre sécurité","ok"
"settings.privacy.passcode","Require Passcode","Requerir código de acceso","Exiger un code d'accès","ok"
"settings.privacy.passcodeDesc","Lock app with passcode","Bloquear aplicación con código de acceso","Verrouiller l'application avec un code d'accès","ok"
"settings.privacy.autoLock","Auto-Lock Timeout","Tiempo de bloqueo automático","Délai de verrouillage automatique","ok"
"settings.privacy.autoLockDesc","Minutes before app locks","Minutos antes de que se bloquee la aplicación","Minutes avant le verrouillage de l'application","ok"
"settings.privacy.analytics","Opt Out of Analytics","Optar por no usar analíticas","Refuser les analyses","ok"
"settings.privacy.analyticsDesc","Don't share usage data","No compartir datos de uso","Ne pas partager les données d'utilisation","ok"
"settings.account.title","Account Management","Gestión de cuenta","Gestion du compte","ok"
"settings.account.subtitle","Manage your profile and preferences","Gestione su perfil y preferencias","Gérez votre profil et vos préférences","ok"
"settings.account.displayName","Display Name","Nombre para mostrar","Nom d'affichage","ok"
"settings.account.displayNamePlaceholder","Enter display name","Ingrese nombre para mostrar","Saisir le nom d'affichage","ok"
"settings.account.changePhoto","Change Profile Picture","Cambiar foto de perfil","Changer la photo de profil","ok"
"settings.account.updateName","Update Name","Actualizar nombre","Mettre à jour le nom","ok"
"settings.account.resetPassword","Send Password Reset Email","Enviar correo de restablecimiento","Envoyer un e-mail de réinitialisation","ok"
"settings.account.resetPasswordSent","Email Sent","Correo enviado","E-mail envoyé","ok"
"settings.account.resetPasswordSentDesc","Check your inbox for reset instructions.","Revise su bandeja de entrada para instrucciones.","Vérifiez votre boîte de réception pour les instructions.","ok"
"settings.account.resetPasswordFailed","Reset Failed","Fallo al restablecer","Échec de la réinitialisation","ok"
"settings.account.password","Change Password","Cambiar contraseña","Changer le mot de passe","ok"
"settings.account.preferences","Preferences","Preferencias","Préférences","ok"
"settings.account.delete","Delete Account","Eliminar cuenta","Supprimer le compte","ok"
"settings.account.deleteConfirmTitle","Delete Account","Eliminar cuenta","Supprimer le compte","ok"
"settings.account.deleteConfirmBody","This will permanently delete your account. This cannot be undone.","Esto eliminará permanentemente su cuenta. No se puede deshacer.","Cette action supprimera définitivement votre compte. Cette action est irréversible.","ok"
"settings.account.deleteConfirmPasswordTitle","Confirm Deletion","Confirmar eliminación","Confirmer la suppression","ok"
"settings.account.deleteConfirmPasswordBody","Enter your password to permanently delete your account.","Ingrese su contraseña para eliminar permanentemente su cuenta.","Entrez votre mot de passe pour supprimer définitivement votre compte.","ok"
"settings.account.deleted","Account deleted","Cuenta eliminada","Compte supprimé","ok"
"settings.account.deleteFailed","Delete failed","Error al eliminar","Suppression échouée","ok"
"settings.account.passwordPlaceholder","Password","Contraseña","Mot de passe","ok"
"settings.account.reauthFailed","Re-authentication failed","Fallo en la re-autenticación","Échec de la ré-authentification","ok"
"settings.account.confirmDelete","Confirm Delete","Confirmar","Confirmer","ok"
"settings.account.updatedName","[T] settings.account.updatedName","[T] settings.account.updatedName","[T] settings.account.updatedName","tagged"
"settings.account.photoUpdated","[T] settings.account.photoUpdated","[T] settings.account.photoUpdated","[T] settings.account.photoUpdated","tagged"
"settings.account.guestNotice","[T] settings.account.guestNotice","[T] settings.account.guestNotice","[T] settings.account.guestNotice","tagged"
"settings.account.createAccount","[T] settings.account.createAccount","[T] settings.account.createAccount","[T] settings.account.createAccount","tagged"
"settings.account.photo","[T] settings.account.photo","[T] settings.account.photo","[T] settings.account.photo","tagged"
"settings.account.deleteNoPassword","[T] settings.account.deleteNoPassword","[T] settings.account.deleteNoPassword","[T] settings.account.deleteNoPassword","tagged"
"settings.emergencyWallet.title","[T] settings.emergencyWallet.title","[T] settings.emergencyWallet.title","[T] settings.emergencyWallet.title","tagged"
"settings.emergencyWallet.subtitle","[T] settings.emergencyWallet.subtitle","[T] settings.emergencyWallet.subtitle","[T] settings.emergencyWallet.subtitle","tagged"
"settings.emergencyWallet.hide","[T] settings.emergencyWallet.hide","[T] settings.emergencyWallet.hide","[T] settings.emergencyWallet.hide","tagged"
"settings.emergencyWallet.show","[T] settings.emergencyWallet.show","[T] settings.emergencyWallet.show","[T] settings.emergencyWallet.show","tagged"
"admin.onlyTitle","Admin Only","Solo administradores","Administrateur uniquement","ok"
"admin.onlyDescription","You must be an admin to access this area.","Debes ser administrador para acceder a esta área.","Vous devez être administrateur pour accéder à cette zone.","ok"
"bookmark.add","Add bookmark","Agregar marcador","Ajouter un signet","ok"
"bookmark.remove","Remove bookmark","Eliminar marcador","Supprimer le signet","ok"
"bookmark.save","Save","Guardar","Enregistrer","ok"
"bookmark.saved","Saved","Guardado","Enregistré","ok"
"a11y.shareCampaign","Share campaign {{title}}","Compartir campaña {{title}}","Partager la campagne {{title}}","ok"
"a11y.joinCampaign","Join {{title}}","Unirse a {{title}}","Rejoindre {{title}}","ok"
"a11y.leaveCampaign","Leave {{title}}","Salir de {{title}}","Quitter {{title}}","ok"
"a11y.supportCampaign","Support this campaign","Apoyar esta campaña","Soutenir cette campagne","ok"
"a11y.openCampaignRoom","Open campaign room","Abrir sala de campaña","Ouvrir la salle de campagne","ok"
"a11y.saveCampaign","Save to favorites","Guardar en favoritos","Ajouter aux favoris","ok"
"a11y.removeCampaign","Remove from favorites","Quitar de favoritos","Retirer des favoris","ok"
"a11y.toggleCreateEventFormOpen","Show create event form","Mostrar formulario de evento","Afficher le formulaire d'événement","ok"
"a11y.toggleCreateEventFormClose","Hide create event form","Ocultar formulario de evento","Masquer le formulaire d'événement","ok"
"a11y.scheduleEventReminder","Schedule event reminder","Programar recordatorio del evento","Programmer le rappel de l'événement","ok"
"a11y.removeEventReminder","Remove event reminder","Quitar recordatorio del evento","Supprimer le rappel de l'événement","ok"
"a11y.addToCalendar","Add to external calendar","Agregar al calendario externo","Ajouter au calendrier externe","ok"
"justiceService.header","Empowr — Local Advocacy Snapshot","Empowr — Local Advocacy Snapshot","Empowr — Local Advocacy Snapshot","untranslated"
"justiceService.evidenceLine","Evidence Locker: {{noteCount}} notes, {{docCount}} file(s)","Evidence Locker: {{noteCount}} notes, {{docCount}} file(s)","Evidence Locker: {{noteCount}} notes, {{docCount}} file(s)","untranslated"
"justiceService.resourcesViewed","Resources viewed this session: ~{{resourcesCount}}","Resources viewed this session: ~{{resourcesCount}}","Resources viewed this session: ~{{resourcesCount}}","untranslated"
"justiceService.signals","Signals:","Signals:","Signals:","untranslated"
"justiceService.signal1","- Increase access to plain-language decisions","- Increase access to plain-language decisions","- Increase access to plain-language decisions","untranslated"
"justiceService.signal2","- Add navigators for tight appeal windows","- Add navigators for tight appeal windows","- Add navigators for tight appeal windows","untranslated"
"justiceService.signal3","- Expand accommodations for sustained earnings","- Expand accommodations for sustained earnings","- Expand accommodations for sustained earnings","untranslated"
"justiceService.generatedAnnounce","Advocacy snapshot generated","Advocacy snapshot generated","Advocacy snapshot generated","untranslated"
"justiceService.generateError","Unable to generate a local report.","Unable to generate a local report.","Unable to generate a local report.","untranslated"
"justiceService.errorTitle","Generation failed","Generation failed","Generation failed","untranslated"
"justiceService.errorBody","Could not build snapshot.","Could not build snapshot.","Could not build snapshot.","untranslated"
"justiceService.generate","Generate","Generate","Generate","untranslated"
"justiceService.generating","Generating...","Generating...","Generating...","untranslated"
"justiceService.copy","Copy","Copy","Copy","untranslated"
"justiceService.copyHint","Copies the generated snapshot to the clipboard.","Copies the generated snapshot to the clipboard.","Copies the generated snapshot to the clipboard.","untranslated"
"justiceService.share","Share","Share","Share","untranslated"
"justiceService.shareHint","Opens the system share dialog with a snapshot text file.","Opens the system share dialog with a snapshot text file.","Opens the system share dialog with a snapshot text file.","untranslated"
"justiceService.shareUnavailable","Share unavailable","Share unavailable","Share unavailable","untranslated"
"justiceService.shareUnavailableBody","System share sheet not available.","System share sheet not available.","System share sheet not available.","untranslated"
"justiceService.shareError","Share failed","Share failed","Share failed","untranslated"
"justiceService.shareErrorBody","Could not share snapshot file.","Could not share snapshot file.","Could not share snapshot file.","untranslated"
"justiceService.reset","Reset","Reset","Reset","untranslated"
"justiceService.resetHint","Clears the generated snapshot text.","Clears the generated snapshot text.","Clears the generated snapshot text.","untranslated"
"justiceService.resetAnnounce","Snapshot cleared","Snapshot cleared","Snapshot cleared","untranslated"
"justiceService.copied","Copied","Copied","Copied","untranslated"
"justiceService.copiedBody","Snapshot copied to clipboard.","Snapshot copied to clipboard.","Snapshot copied to clipboard.","untranslated"
"justiceService.clipboardMissingTitle","Clipboard not available","Clipboard not available","Clipboard not available","untranslated"
"justiceService.clipboardMissingMsg","Install expo-clipboard in a dev build to enable copy.","Install expo-clipboard in a dev build to enable copy.","Install expo-clipboard in a dev build to enable copy.","untranslated"
"justiceService.screenLabel","Justice-as-a-Service screen","Justice-as-a-Service screen","Justice-as-a-Service screen","untranslated"
"justiceService.howToUse","How to use Justice-as-a-Service","How to use Justice-as-a-Service","How to use Justice-as-a-Service","untranslated"
"justiceService.toggleInfo","Toggle instructions","Toggle instructions","Toggle instructions","untranslated"
"justiceService.infoTitle","How to Use","How to Use","How to Use","untranslated"
"justiceService.infoLine1","Generate a local advocacy snapshot using only on-device cached data (notes and counts).","Generate a local advocacy snapshot using only on-device cached data (notes and counts).","Generate a local advocacy snapshot using only on-device cached data (notes and counts).","untranslated"
"justiceService.infoLine2","Use Generate to build a snapshot, Copy to reuse, Share to export a file, and Reset to clear it.","Use Generate to build a snapshot, Copy to reuse, Share to export a file, and Reset to clear it.","Use Generate to build a snapshot, Copy to reuse, Share to export a file, and Reset to clear it.","untranslated"
"justiceService.infoLine3","Data stays local; no network calls are made.","Data stays local; no network calls are made.","Data stays local; no network calls are made.","untranslated"
"justiceService.title","Justice-as-a-Service","Justice-as-a-Service","Justice-as-a-Service","untranslated"
"justiceService.snapshotRegion","Generated snapshot","Generated snapshot","Generated snapshot","untranslated"
"justiceService.generateBtnLabel","Generate snapshot","Generate snapshot","Generate snapshot","untranslated"
"justiceService.hide","[T] justiceService.hide","[T] justiceService.hide","[T] justiceService.hide","tagged"
"justiceService.show","[T] justiceService.show","[T] justiceService.show","[T] justiceService.show","tagged"
"justiceService.generateHint","[T] justiceService.generateHint","[T] justiceService.generateHint","[T] justiceService.generateHint","tagged"
"justiceService.copyLabel","[T] justiceService.copyLabel","[T] justiceService.copyLabel","[T] justiceService.copyLabel","tagged"
"justiceService.shareLabel","[T] justiceService.shareLabel","[T] justiceService.shareLabel","[T] justiceService.shareLabel","tagged"
"justiceService.resetLabel","[T] justiceService.resetLabel","[T] justiceService.resetLabel","[T] justiceService.resetLabel","tagged"
"rightsChecker.title","Automated Rights Checker","Automated Rights Checker","Automated Rights Checker","untranslated"
"rightsChecker.screenLabel","Automated Rights Checker screen","Automated Rights Checker screen","Automated Rights Checker screen","untranslated"
"rightsChecker.subtitle","Answer a few questions to get a plain-language overview of your rights and options.","Answer a few questions to get a plain-language overview of your rights and options.","Answer a few questions to get a plain-language overview of your rights and options.","untranslated"
"rightsChecker.q1","Are you currently employed?","Are you currently employed?","Are you currently employed?","untranslated"
"rightsChecker.q2","Are you a union member?","Are you a union member?","Are you a union member?","untranslated"
"rightsChecker.q3","Do you have a disability or health condition requiring accommodations?","Do you have a disability or health condition requiring accommodations?","Do you have a disability or health condition requiring accommodations?","untranslated"
"rightsChecker.q4","Have you been denied benefits (e.g., workers' compensation, LTD)?","Have you been denied benefits (e.g., workers' compensation, LTD)?","Have you been denied benefits (e.g., workers' compensation, LTD)?","untranslated"
"rightsChecker.q5","Are you experiencing harassment or discrimination?","Are you experiencing harassment or discrimination?","Are you experiencing harassment or discrimination?","untranslated"
"rightsChecker.protected","You are protected under human rights law, including the duty to accommodate.","You are protected under human rights law, including the duty to accommodate.","You are protected under human rights law, including the duty to accommodate.","untranslated"
"rightsChecker.workplaceRights","You have workplace rights: safety, accommodation, and protection from discrimination.","You have workplace rights: safety, accommodation, and protection from discrimination.","You have workplace rights: safety, accommodation, and protection from discrimination.","untranslated"
"rightsChecker.union","Contact your union for representation.","Contact your union for representation.","Contact your union for representation.","untranslated"
"rightsChecker.noUnion","If no union, consider contacting a legal clinic or advocacy group.","If no union, consider contacting a legal clinic or advocacy group.","If no union, consider contacting a legal clinic or advocacy group.","untranslated"
"rightsChecker.appeal","You may be eligible to appeal denied benefits. Gather medical evidence and file within deadlines.","You may be eligible to appeal denied benefits. Gather medical evidence and file within deadlines.","You may be eligible to appeal denied benefits. Gather medical evidence and file within deadlines.","untranslated"
"rightsChecker.templates","Use our letter templates in Resources to request reconsideration or appeal.","Use our letter templates in Resources to request reconsideration or appeal.","Use our letter templates in Resources to request reconsideration or appeal.","untranslated"
"rightsChecker.harassment","Harassment is prohibited. Document incidents and report via proper channels.","Harassment is prohibited. Document incidents and report via proper channels.","Harassment is prohibited. Document incidents and report via proper channels.","untranslated"
"rightsChecker.general","Based on your answers, you still maintain general human rights. Consider browsing Resources for guidance.","Based on your answers, you still maintain general human rights. Consider browsing Resources for guidance.","Based on your answers, you still maintain general human rights. Consider browsing Resources for guidance.","untranslated"
"rightsChecker.summaryReady","Rights summary ready","Rights summary ready","Rights summary ready","untranslated"
"rightsChecker.reset","Reset","Reset","Reset","untranslated"
"rightsChecker.resetAnswers","Reset answers","Reset answers","Reset answers","untranslated"
"rightsChecker.resetHint","Clears all selected answers.","Clears all selected answers.","Clears all selected answers.","untranslated"
"rightsChecker.copy","Copy","Copy","Copy","untranslated"
"rightsChecker.copySummary","Copy rights summary","Copy rights summary","Copy rights summary","untranslated"
"rightsChecker.copySummaryHint","Copies the current rights summary to the clipboard.","Copies the current rights summary to the clipboard.","Copies the current rights summary to the clipboard.","untranslated"
"rightsChecker.export","Export","Export","Export","untranslated"
"rightsChecker.exportSummary","Share or export summary file","Share or export summary file","Share or export summary file","untranslated"
"rightsChecker.exportSummaryHint","Opens system share sheet with a text file of your rights summary.","Opens system share sheet with a text file of your rights summary.","Opens system share sheet with a text file of your rights summary.","untranslated"
"rightsChecker.copied","Copied","Copied","Copied","untranslated"
"rightsChecker.copiedBody","Summary copied to clipboard.","Summary copied to clipboard.","Summary copied to clipboard.","untranslated"
"rightsChecker.clipboardMissingTitle","Clipboard not available","Clipboard not available","Clipboard not available","untranslated"
"rightsChecker.clipboardMissingMsg","Install expo-clipboard in a dev build to enable copy.","Install expo-clipboard in a dev build to enable copy.","Install expo-clipboard in a dev build to enable copy.","untranslated"
"rightsChecker.shareUnavailable","Share unavailable","Share unavailable","Share unavailable","untranslated"
"rightsChecker.shareUnavailableBody","System share sheet not available.","System share sheet not available.","System share sheet not available.","untranslated"
"rightsChecker.shareError","Share failed","Share failed","Share failed","untranslated"
"rightsChecker.shareErrorBody","Could not share summary file.","Could not share summary file.","Could not share summary file.","untranslated"
"rightsChecker.howToUse","How to use Rights Checker","How to use Rights Checker","How to use Rights Checker","untranslated"
"rightsChecker.toggleInfo","Toggle instructions","Toggle instructions","Toggle instructions","untranslated"
"rightsChecker.infoTitle","How to Use","How to Use","How to Use","untranslated"
"rightsChecker.infoLine1","Answer each question. A plain-language summary appears when all are answered.","Answer each question. A plain-language summary appears when all are answered.","Answer each question. A plain-language summary appears when all are answered.","untranslated"
"rightsChecker.infoLine2","Use Copy to reuse the summary, Export to generate a text file, and Reset to clear answers.","Use Copy to reuse the summary, Export to generate a text file, and Reset to clear answers.","Use Copy to reuse the summary, Export to generate a text file, and Reset to clear answers.","untranslated"
"rightsChecker.infoLine3","This tool does not give legal advice; consult official sources.","This tool does not give legal advice; consult official sources.","This tool does not give legal advice; consult official sources.","untranslated"
"rightsChecker.choiceLabel","{{label}} answer option","{{label}} answer option","{{label}} answer option","untranslated"
"rightsChecker.yourSummary","Your summary","Your summary","Your summary","untranslated"
"rightsChecker.summaryRegion","Rights summary","Rights summary","Rights summary","untranslated"
"rightsChecker.resetAnnounce","[T] rightsChecker.resetAnnounce","[T] rightsChecker.resetAnnounce","[T] rightsChecker.resetAnnounce","tagged"
"rightsChecker.hide","[T] rightsChecker.hide","[T] rightsChecker.hide","[T] rightsChecker.hide","tagged"
"rightsChecker.show","[T] rightsChecker.show","[T] rightsChecker.show","[T] rightsChecker.show","tagged"
"rightsExplainer.screenLabel","Rights Explainer screen","Rights Explainer screen","Rights Explainer screen","untranslated"
"rightsExplainer.howToUse","How to use Rights Explainer","How to use Rights Explainer","How to use Rights Explainer","untranslated"
"rightsExplainer.toggleInfo","Toggle instructions","Toggle instructions","Toggle instructions","untranslated"
"rightsExplainer.infoTitle","How to Use","How to Use","How to Use","untranslated"
"rightsExplainer.infoLine1","Select a language and region to view simplified rights statements.","Select a language and region to view simplified rights statements.","Select a language and region to view simplified rights statements.","untranslated"
"rightsExplainer.infoLine2","Use Copy or Share to reuse the current list; Reset returns to English / Canada default.","Use Copy or Share to reuse the current list; Reset returns to English / Canada default.","Use Copy or Share to reuse the current list; Reset returns to English / Canada default.","untranslated"
"rightsExplainer.infoLine3","This is an educational tool, not legal advice. Reference official sources for decisions.","This is an educational tool, not legal advice. Reference official sources for decisions.","This is an educational tool, not legal advice. Reference official sources for decisions.","untranslated"
"rightsExplainer.heading","Multi‑Language Rights Explainer","Multi‑Language Rights Explainer","Multi‑Language Rights Explainer","untranslated"
"rightsExplainer.subhead","Plain‑language summaries of basic rights. Select language and region.","Plain‑language summaries of basic rights. Select language and region.","Plain‑language summaries of basic rights. Select language and region.","untranslated"
"rightsExplainer.provincial","Provincial Rights","Provincial Rights","Provincial Rights","untranslated"
"rightsExplainer.federal","Canada – Federal Rights","Canada – Federal Rights","Canada – Federal Rights","untranslated"
"rightsExplainer.international","Global – International Rights","Global – International Rights","Global – International Rights","untranslated"
"rightsExplainer.langChanged","Language changed","Language changed","Language changed","untranslated"
"rightsExplainer.regionChanged","Region changed","Region changed","Region changed","untranslated"
"rightsExplainer.provinceChanged","Province changed","Province changed","Province changed","untranslated"
"rightsExplainer.copy","Copy","Copy","Copy","untranslated"
"rightsExplainer.copyLabel","Copy rights explainer","Copy rights explainer","Copy rights explainer","untranslated"
"rightsExplainer.copyHint","Copies the current rights statements.","Copies the current rights statements.","Copies the current rights statements.","untranslated"
"rightsExplainer.share","Share","Share","Share","untranslated"
"rightsExplainer.shareLabel","Share rights explainer file","Share rights explainer file","Share rights explainer file","untranslated"
"rightsExplainer.shareHint","Opens system share sheet with a text file of current statements.","Opens system share sheet with a text file of current statements.","Opens system share sheet with a text file of current statements.","untranslated"
"rightsExplainer.reset","Reset","Reset","Reset","untranslated"
"rightsExplainer.resetLabel","Reset explainer","Reset explainer","Reset explainer","untranslated"
"rightsExplainer.resetHint","Restores default language and region.","Restores default language and region.","Restores default language and region.","untranslated"
"rightsExplainer.resetAnnounce","Explainer reset to defaults","Explainer reset to defaults","Explainer reset to defaults","untranslated"
"rightsExplainer.copied","Copied","Copied","Copied","untranslated"
"rightsExplainer.copiedBody","Current rights explainer copied.","Current rights explainer copied.","Current rights explainer copied.","untranslated"
"rightsExplainer.clipboardMissingTitle","Clipboard not available","Clipboard not available","Clipboard not available","untranslated"
"rightsExplainer.clipboardMissingMsg","Install expo-clipboard in a dev build to enable copy.","Install expo-clipboard in a dev build to enable copy.","Install expo-clipboard in a dev build to enable copy.","untranslated"
"rightsExplainer.shareUnavailable","Share unavailable","Share unavailable","Share unavailable","untranslated"
"rightsExplainer.shareUnavailableBody","System share sheet not available.","System share sheet not available.","System share sheet not available.","untranslated"
"rightsExplainer.shareError","Share failed","Share failed","Share failed","untranslated"
"rightsExplainer.shareErrorBody","Could not share rights explainer file.","Could not share rights explainer file.","Could not share rights explainer file.","untranslated"
"rightsExplainer.provinceChip","Province {{code}}","Province {{code}}","Province {{code}}","untranslated"
"rightsExplainer.langChip","Language {{code}}","Language {{code}}","Language {{code}}","untranslated"
"rightsExplainer.regionChip","Region {{code}}","Region {{code}}","Region {{code}}","untranslated"
"rightsExplainer.hide","[T] rightsExplainer.hide","[T] rightsExplainer.hide","[T] rightsExplainer.hide","tagged"
"rightsExplainer.show","[T] rightsExplainer.show","[T] rightsExplainer.show","[T] rightsExplainer.show","tagged"
"templates.evidenceLocker.title","Evidence Locker","Casillero de Evidencias","Coffre de preuves","ok"
"templates.evidenceLocker.screenLabel","Evidence Locker screen","Pantalla de casillero de evidencias","Écran coffre de preuves","ok"
"templates.evidenceLocker.howToUse","How to use Evidence Locker","Cómo usar el casillero","Utilisation du coffre","ok"
"templates.evidenceLocker.toggleInfo","Toggle instructions","Mostrar/ocultar instrucciones","Afficher/masquer les instructions","ok"
"templates.evidenceLocker.infoTitle","How to Use","Cómo usar","Mode d'emploi","ok"
"templates.evidenceLocker.infoLine1","Securely store notes and files related to your case. Everything stays on your device unless you export.","Guarde notas y archivos del caso. Todo permanece local hasta exportar.","Stockez notes et fichiers liés au dossier (local jusqu'à export).","ok"
"templates.evidenceLocker.infoLine2","Add notes or attach files. Use Export to create a bundle, Copy to reuse text notes, Share to send a summary.","Agregue notas o archivos. Use Exportar para crear un paquete, Copiar para reutilizar notas, Compartir para enviar un resumen.","Ajoutez notes ou fichiers. Export pour un lot, Copier pour réutiliser, Partager pour un résumé.","ok"
"templates.evidenceLocker.infoLine3","Keep items organized; concise notes help when generating timelines or appeals.","Mantenga orden; notas concisas ayudan en cronologías o apelaciones.","Gardez concis pour aider chronologies / appels.","ok"
"templates.evidenceLocker.notes","Notes","Notas","Notes","untranslated"
"templates.evidenceLocker.files","Files","Archivos","Fichiers","ok"
"templates.evidenceLocker.emptyNotes","No notes yet","Sin notas todavía","Aucune note","ok"
"templates.evidenceLocker.emptyFiles","No files added","Sin archivos añadidos","Aucun fichier","ok"
"templates.evidenceLocker.addNote","Add Note","Agregar nota","Ajouter note","ok"
"templates.evidenceLocker.addFile","Add File","Agregar archivo","Ajouter fichier","ok"
"templates.evidenceLocker.export","Export","Exportar","Exporter","ok"
"templates.evidenceLocker.exportLabel","Export evidence bundle","Exportar paquete","Exporter lot","ok"
"templates.evidenceLocker.exportHint","Creates a local JSON/text bundle you can share.","Crea un paquete JSON/texto para compartir.","Crée un lot JSON/texte partageable.","ok"
"templates.evidenceLocker.copy","Copy","Copiar","Copier","ok"
"templates.evidenceLocker.copyLabel","Copy notes","Copiar notas","Copier notes","ok"
"templates.evidenceLocker.copyHint","Copies all plain-text notes to the clipboard.","Copia todas las notas de texto al portapapeles.","Copie toutes les notes texte.","ok"
"templates.evidenceLocker.share","Share","Compartir","Partager","ok"
"templates.evidenceLocker.shareLabel","Share evidence summary","Compartir resumen","Partager résumé","ok"
"templates.evidenceLocker.shareHint","Opens share sheet with summary file.","Abre hoja de compartir con archivo de resumen.","Ouvre le partage système avec fichier résumé.","ok"
"templates.evidenceLocker.reset","Reset","Restablecer","Réinitialiser","ok"
"templates.evidenceLocker.resetLabel","Reset locker","Vaciar casillero","Vider coffre","ok"
"templates.evidenceLocker.resetHint","Clears all notes from view (files unaffected unless included).","Borra todas las notas (archivos no incluidos salvo exportación).","Efface toutes les notes (fichiers exclus sauf export).","ok"
"templates.evidenceLocker.resetConfirm","Clear all locker notes? This cannot be undone.","¿Borrar todas las notas? No se puede deshacer.","Effacer toutes les notes ? Action irréversible.","ok"
"templates.evidenceLocker.resetAnnounce","Evidence locker cleared","Casillero limpiado","Coffre vidé","ok"
"templates.evidenceLocker.copied","Copied","Copiado","Copié","ok"
"templates.evidenceLocker.copiedBody","Notes copied to clipboard.","Notas copiadas.","Notes copiées.","ok"
"templates.evidenceLocker.clipboardMissingTitle","Clipboard not available","Portapapeles no disponible","Presse-papiers indisponible","ok"
"templates.evidenceLocker.clipboardMissingMsg","Install expo-clipboard in a dev build to enable copy.","Instale expo-clipboard para habilitar copiar.","Installez expo-clipboard pour copier.","ok"
"templates.evidenceLocker.shareUnavailable","Share unavailable","Compartir no disponible","Partage indisponible","ok"
"templates.evidenceLocker.shareUnavailableBody","System share sheet not available.","Hoja del sistema no disponible.","Feuille système indisponible.","ok"
"templates.evidenceLocker.shareError","Share failed","Error al compartir","Partage échoué","ok"
"templates.evidenceLocker.shareErrorBody","Could not share evidence file.","No se pudo compartir archivo.","Impossible de partager fichier.","ok"
"templates.evidenceLocker.exportError","Export failed","Error al exportar","Export échoué","ok"
"templates.evidenceLocker.exportErrorBody","Could not build evidence export.","No se pudo crear exportación.","Impossible de créer export.","ok"
"templates.evidenceLocker.exportReady","Export ready","Export listo","Export prêt","ok"
"templates.evidenceLocker.summaryRegion","Evidence summary region","Región resumen evidencias","Région résumé preuves","ok"
"templates.evidenceLocker.queueTitle","[T] templates.evidenceLocker.queueTitle","[T] templates.evidenceLocker.queueTitle","[T] templates.evidenceLocker.queueTitle","tagged"
"templates.evidenceLocker.queueScreenLabel","[T] templates.evidenceLocker.queueScreenLabel","[T] templates.evidenceLocker.queueScreenLabel","[T] templates.evidenceLocker.queueScreenLabel","tagged"
"templates.evidenceLocker.processing","[T] templates.evidenceLocker.processing","[T] templates.evidenceLocker.processing","[T] templates.evidenceLocker.processing","tagged"
"templates.evidenceLocker.queueSubtitle","[T] templates.evidenceLocker.queueSubtitle","[T] templates.evidenceLocker.queueSubtitle","[T] templates.evidenceLocker.queueSubtitle","tagged"
"templates.evidenceLocker.emptyQueue","[T] templates.evidenceLocker.emptyQueue","[T] templates.evidenceLocker.emptyQueue","[T] templates.evidenceLocker.emptyQueue","tagged"
"templates.gallery.title","Template Gallery","Galería de plantillas","Galerie de modèles","ok"
"templates.gallery.screenLabel","Templates gallery screen","Pantalla de galería de plantillas","Écran galerie modèles","ok"
"templates.gallery.subtitle","Example outputs to help you get started.","Ejemplos para iniciar.","Exemples pour démarrer.","ok"
"templates.gallery.toggleInfo","Toggle instructions","Mostrar/ocultar instrucciones","Afficher/masquer instructions","ok"
"templates.gallery.howToUse","How to use templates gallery","Cómo usar la galería","Utilisation de la galerie","ok"
"templates.gallery.infoTitle","How to Use","Cómo usar","Mode d'emploi","ok"
"templates.gallery.infoLine1","Fill in your details (name, claim, etc.) to auto‑populate placeholders.","Rellene sus datos para actualizar marcadores.","Renseignez vos données pour mettre à jour les marqueurs.","ok"
"templates.gallery.infoLine2","Copy, save as draft, export, or insert into your Evidence Locker.","Copiar, guardar borrador, exportar o insertar en Casillero.","Copier, enregistrer brouillon, exporter ou insérer dans Coffre.","ok"
"templates.gallery.infoLine3","Adapt wording to your situation; this is not legal advice.","Adapte el texto; no es asesoría legal.","Adapter le texte; pas un avis juridique.","ok"
"templates.gallery.exportAll","Export All","Exportar todo","Tout exporter","ok"
"templates.gallery.exportAllLabel","Export all templates","Exportar todas las plantillas","Exporter tous modèles","ok"
"templates.gallery.exportAllHint","Creates a text file with all templates.","Crea archivo de texto con todas.","Crée un fichier texte.","ok"
"templates.gallery.shareUnavailable","Share unavailable","Compartir no disponible","Partage indisponible","ok"
"templates.gallery.shareUnavailableBody","System share sheet not available.","Hoja del sistema no disponible.","Feuille système indisponible.","ok"
"templates.gallery.shareError","Share failed","Error al compartir","Partage échoué","ok"
"templates.gallery.shareErrorBody","Could not share templates file.","No se pudo compartir archivo.","Impossible de partager fichier.","ok"
"templates.gallery.copyExample","Copy example","Copiar ejemplo","Copier exemple","ok"
"templates.gallery.saveDraft","Save draft","Guardar borrador","Enregistrer brouillon","ok"
"templates.gallery.saveDraftLabel","Save draft locally","Guardar localmente","Sauvegarder localement","ok"
"templates.gallery.shareLabel","Share template","Compartir plantilla","Partager modèle","ok"
"templates.gallery.share","Share","Compartir","Partager","ok"
"templates.gallery.insert","Insert into Evidence Locker","Insertar en Casillero","Insérer dans coffre","ok"
"templates.gallery.insertLabel","Insert template into Evidence Locker","Insertar en Casillero","Insérer dans coffre","ok"
"templates.gallery.inserted","Added","Agregado","Ajouté","ok"
"templates.gallery.insertedBody","Inserted into Evidence Locker.","Insertado en Casillero.","Ajouté au coffre de preuves.","ok"
"templates.gallery.insertFailed","Not added","No agregado","Non ajouté","ok"
"templates.gallery.insertFailedBody","Unable to add to Evidence Locker.","No se pudo insertar.","Impossible d'ajouter.","ok"
"templates.gallery.drafts","Drafts","Borradores","Brouillons","ok"
"templates.gallery.delete","Delete","Eliminar","Supprimer","ok"
"templates.gallery.deleteDraft","Delete draft","Eliminar borrador","Supprimer brouillon","ok"
"templates.gallery.shareDraft","Share draft","Compartir borrador","Partager brouillon","ok"
"templates.gallery.toLocker","Add draft to Evidence Locker","Al Casillero","Au coffre","ok"
"templates.gallery.toLockerShort","To Locker","Casillero","Coffre","ok"
"templates.gallery.varName","Your name","Su nombre","Votre nom","ok"
"templates.gallery.varContact","Contact","Contacto","Contact","untranslated"
"templates.gallery.varProvince","Province (e.g., ON)","Provincia (p.ej. ON)","Province (ex. ON)","ok"
"templates.gallery.varClaim","Claim ID","ID de reclamación","ID dossier","ok"
"templates.gallery.varDate","date (YYYY-MM-DD)","fecha (AAAA-MM-DD)","date (AAAA-MM-JJ)","ok"
"templates.letters.common.toggleInfo","Toggle instructions","Mostrar/ocultar instrucciones","Afficher/masquer instructions","ok"
"templates.letters.common.infoTitle","How to Use","Cómo usar","Mode d'emploi","ok"
"templates.letters.common.infoLine1","Fill in the fields below; placeholders will update live.","Complete campos; los marcadores se actualizan.","Remplissez les champs; les marqueurs se mettent à jour.","ok"
"templates.letters.common.infoLine2","You can copy, share, export, or insert into your Evidence Locker.","Puede copiar, compartir, exportar o insertar al Casillero.","Copier, partager, exporter ou insérer dans Coffre.","ok"
"templates.letters.common.infoLine3","Adapt wording to your facts; this is not legal advice.","Adapte a su caso; no es asesoría legal.","Adapter au dossier; pas un avis juridique.","ok"
"templates.letters.common.share","Share","Compartir","Partager","ok"
"templates.letters.common.copy","Copy","Copiar","Copier","ok"
"templates.letters.common.insertTrackers","Insert from trackers","Insertar de seguimientos","Insérer depuis suivis","ok"
"templates.letters.common.exportPdf","Export as PDF","Exportar PDF","Exporter PDF","ok"
"templates.letters.common.exportDoc","Export as .doc","Exportar .doc","Exporter .doc","ok"
"templates.letters.common.insertLocker","Insert into Evidence Locker","Insertar en Casillero","Insérer dans coffre","ok"
"templates.letters.common.inserted","Added","Agregado","Ajouté","ok"
"templates.letters.common.insertedBody","Inserted into Evidence Locker.","Insertado en Casillero.","Ajouté au coffre.","ok"
"templates.letters.common.insertFailed","Not added","No agregado","Non ajouté","ok"
"templates.letters.common.insertFailedBody","Unable to add to Evidence Locker.","No se pudo agregar.","Impossible d'ajouter.","ok"
"templates.letters.common.copied","Copied","Copiado","Copié","ok"
"templates.letters.common.copiedBody","Letter copied to clipboard.","Carta copiada.","Lettre copiée.","ok"
"templates.letters.common.clipboardNA","Clipboard not available","Portapapeles no disponible","Presse-papiers indisponible","ok"
"templates.letters.common.clipboardNABody","Install expo-clipboard in a dev build to enable copy.","Instale expo-clipboard para copiar.","Installez expo-clipboard pour copier.","ok"
"templates.letters.common.pdfNA","PDF not available","PDF no disponible","PDF indisponible","ok"
"templates.letters.common.pdfNABody","Install expo-print in a dev build to export PDFs.","Instale expo-print para exportar PDF.","Installez expo-print pour PDF.","ok"
"templates.letters.common.exportFailed","Export failed","Exportación fallida","Export échoué","ok"
"templates.letters.common.exportFailedBody","Could not create file.","No se pudo crear archivo.","Impossible de créer fichier.","ok"
"templates.letters.common.shareUnavailable","Share unavailable","Compartir no disponible","Partage indisponible","ok"
"templates.letters.common.shareUnavailableBody","System share sheet not available.","Hoja del sistema no disponible.","Feuille système indisponible.","ok"
"templates.letters.common.shareError","Share failed","Error al compartir","Partage échoué","ok"
"templates.letters.common.shareErrorBody","Unable to share file.","No se pudo compartir archivo.","Impossible de partager fichier.","ok"
"templates.letters.accommodation.title","Accommodation Request","Solicitud de adaptación","Demande d'aménagement","ok"
"templates.letters.accommodation.screenLabel","Accommodation letter screen","Pantalla carta de adaptación","Écran lettre aménagement","ok"
"templates.letters.accommodation.subtitle","Fill in your details, review the preview, then share or copy.","Complete datos, revise vista previa y comparta.","Remplir, vérifier, puis partager ou copier.","ok"
"templates.letters.accommodation.employer","Employer","Empleador","Employeur","ok"
"templates.letters.accommodation.jobTitle","Job Title","Puesto","Intitulé poste","ok"
"templates.letters.accommodation.date","Date (optional)","Fecha (opcional)","Date (optionnel)","ok"
"templates.letters.accommodation.limitations","Limitations (brief)","Limitaciones (breve)","Limitations (bref)","ok"
"templates.letters.accommodation.accommodations","Requested Accommodations","Adaptaciones solicitadas","Aménagements demandés","ok"
"templates.letters.appeal.title","Appeal Letter","Carta de apelación","Lettre d'appel","ok"
"templates.letters.appeal.screenLabel","Appeal letter screen","Pantalla carta apelación","Écran lettre appel","ok"
"templates.letters.appeal.subtitle","Fill in your details, review the preview, then share or export.","Complete datos y exporte o comparta.","Remplir puis partager ou exporter.","ok"
"templates.letters.appeal.claim","Claim Number","Número de reclamación","Numéro de dossier","ok"
"templates.letters.appeal.decisionDate","Decision Date","Fecha decisión","Date décision","ok"
"templates.letters.appeal.decisionSummary","Decision Summary","Resumen decisión","Résumé décision","ok"
"templates.letters.appeal.arguments","Your Arguments/Evidence","Argumentos / evidencia","Arguments / preuves","ok"
"templates.letters.appeal.contact","Contact (email/phone)","Contacto","Contact","ok"
"templates.letters.reconsideration.title","Reconsideration Letter","Carta de reconsideración","Lettre de réexamen","ok"
"templates.letters.reconsideration.screenLabel","Reconsideration letter screen","Pantalla carta reconsideración","Écran lettre réexamen","ok"
"templates.letters.reconsideration.name","Your name","Su nombre","Votre nom","ok"
"templates.letters.reconsideration.claim","Claim number","Número de reclamación","Numéro dossier","ok"
"templates.letters.reconsideration.points","Key points / evidence","Puntos / evidencia","Points / preuves","ok"
"templates.letters.reconsideration.date","Date","Fecha","Date","untranslated"
"templates.letters.union.title","Union Representation/Request Letter","Carta representación sindical","Lettre représentation syndicale","ok"
"templates.letters.union.screenLabel","Union request letter screen","Pantalla carta sindicato","Écran lettre syndicat","ok"
"templates.letters.union.name","Your Name","Su nombre","Votre nom","ok"
"templates.letters.union.position","Position/Role","Cargo","Poste","ok"
"templates.letters.union.workplace","Workplace/Department","Lugar / depto","Lieu / service","ok"
"templates.letters.union.issue","Issue Summary","Resumen del problema","Résumé problème","ok"
"templates.letters.union.accommodation","Requested Accommodation/Remedy","Adaptación / remedio","Aménagement / mesure","ok"
"templates.letters.union.evidence","Evidence/Docs (optional)","Evidencia (opcional)","Preuves (optionnel)","ok"
"templates.letters.union.contact","Contact (email/phone)","Contacto","Contact","ok"
"templates.letters.union.subtitle","Fill in details, review the preview, then share or export.","Complete y comparta o exporte.","Remplir puis partager ou exporter.","ok"
"templates.letters.rtw.title","Return-to-Work Plan","Plan de regreso","Plan de retour","ok"
"templates.letters.rtw.screenLabel","Return to work plan letter screen","Pantalla plan regreso","Écran plan retour","ok"
"templates.letters.rtw.name","Your name","Su nombre","Votre nom","ok"
"templates.letters.rtw.employer","Employer","Empleador","Employeur","ok"
"templates.letters.rtw.duties","Proposed duties","Tareas propuestas","Tâches proposées","ok"
"templates.letters.rtw.accommodations","Accommodations","Adaptaciones","Aménagements","ok"
"templates.letters.rtw.date","Date","Fecha","Date","untranslated"
"templates.checklist.title","Evidence Checklist","Lista de evidencia","Liste de preuves","ok"
"templates.checklist.screenLabel","Evidence checklist screen","Pantalla lista evidencia","Écran liste preuves","ok"
"templates.checklist.toggleInfo","Toggle instructions","Mostrar/ocultar instrucciones","Afficher/masquer instructions","ok"
"templates.checklist.infoTitle","How to Use","Cómo usar","Mode d'emploi","ok"
"templates.checklist.infoLine1","Select a process type to load its suggested evidence items.","Seleccione un tipo de proceso para cargar elementos sugeridos.","Choisissez un type pour charger les éléments suggérés.","ok"
"templates.checklist.infoLine2","Tap items to mark them complete; progress updates are announced.","Toque elementos para marcarlos; el progreso se anuncia.","Touchez pour marquer fait; le progrès est annoncé.","ok"
"templates.checklist.infoLine3","Use Copy or Export to reuse the summary. Reset clears progress.","Use Copiar o Exportar para reutilizar; Restablecer limpia.","Copier ou Exporter pour réutiliser; Reset efface.","ok"
"templates.checklist.subtitle","Pick a process to view a tailored checklist.","Elija un proceso para ver lista adaptada.","Choisissez un processus pour liste adaptée.","ok"
"templates.checklist.copy","Copy summary","Copiar resumen","Copier résumé","ok"
"templates.checklist.export","Export","Exportar","Exporter","ok"
"templates.checklist.reset","Reset","Restablecer","Reset","untranslated"
"templates.checklist.progressAnnounce","Progress updated","Progreso actualizado","Progrès mis à jour","ok"
"templates.checklist.progressLabel","Checklist progress","Progreso lista","Progrès liste","ok"
"templates.checklist.progress","Progress: {{done}} / {{total}} ({{pct}}%)","Progreso: {{done}} / {{total}} ({{pct}}%)","Progrès : {{done}} / {{total}} ({{pct}}%)","ok"
"templates.checklist.summaryHeader","Evidence Checklist Summary","Resumen lista evidencia","Résumé liste preuves","ok"
"templates.checklist.copied","Copied","Copiado","Copié","ok"
"templates.checklist.copiedBody","Checklist summary copied.","Resumen copiado.","Résumé copié.","ok"
"templates.checklist.clipboardNA","Clipboard not available","Portapapeles no disponible","Presse-papiers indisponible","ok"
"templates.checklist.clipboardNABody","Install expo-clipboard in a dev build to enable copy.","Instale expo-clipboard para copiar.","Installez expo-clipboard pour copier.","ok"
"templates.checklist.shareUnavailable","Share unavailable","Compartir no disponible","Partage indisponible","ok"
"templates.checklist.shareUnavailableBody","System share sheet not available.","Hoja del sistema no disponible.","Feuille système indisponible.","ok"
"templates.checklist.shareError","Share failed","Error al compartir","Partage échoué","ok"
"templates.checklist.shareErrorBody","Could not share checklist file.","No se pudo compartir archivo.","Impossible de partager fichier.","ok"
"templates.checklist.resetAnnounce","Checklist reset","Lista restablecida","Liste réinitialisée","ok"
"templates.checklist.kindChanged","Checklist type changed","Tipo cambiado","Type changé","ok"
"templates.checklist.tip","Tip: Summaries from Wellness trackers can support your evidence.","Consejo: Resúmenes de seguimientos de Bienestar ayudan.","Astuce : Les suivis Bien‑être peuvent aider.","ok"
"templates.deadlines.title","Deadlines","Plazos","Échéances","ok"
"templates.deadlines.screenLabel","Deadlines screen","Pantalla de plazos","Écran échéances","ok"
"templates.deadlines.toggleInfo","Toggle instructions","Mostrar/ocultar instrucciones","Afficher/masquer instructions","ok"
"templates.deadlines.infoTitle","How to Use","Cómo usar","Mode d'emploi","ok"
"templates.deadlines.infoLine1","Track important dates (appeals, follow-ups) in calendar or list view.","Gestione fechas importantes (apelaciones, seguimientos) en calendario o lista.","Suivez dates importantes (appels, suivis) en calendrier ou liste.","ok"
"templates.deadlines.infoLine2","Import ICS files, add recurring reminders, and export all deadlines (ICS/CSV).","Importe ICS, agregue recordatorios recurrentes y exporte (ICS/CSV).","Import ICS, rappels récurrents et export (ICS/CSV).","ok"
"templates.deadlines.infoLine3","Use snooze, bulk mark done, or calendar export for planning.","Use posponer, marcado masivo o exportación para planificar.","Utilisez snooze, marquage groupé ou export calendrier.","ok"
"templates.deadlines.calendarTab","Calendar","Calendario","Calendrier","ok"
"templates.deadlines.listTab","List","Lista","Liste","ok"
"templates.deadlines.monthView","Month","Mes","Mois","ok"
"templates.deadlines.weekView","Week","Semana","Semaine","ok"
"templates.deadlines.importICS","Import ICS to Calendar","Importar ICS","Importer ICS","ok"
"templates.deadlines.importICSShort","Import ICS","Importar","Importer","ok"
"templates.deadlines.imported","Imported","Importado","Importé","ok"
"templates.deadlines.importedBody","Added {{count}} deadlines.","Añadidos {{count}} plazos.","{{count}} échéances ajoutées.","ok"
"templates.deadlines.importFailed","Import failed","Fallo importación","Échec import","ok"
"templates.deadlines.importFailedBody","Could not import ICS.","No se pudo importar ICS.","Impossible d'importer ICS.","ok"
"templates.deadlines.recurringTitle","Add Recurring","Añadir recurrente","Ajouter récurrent","ok"
"templates.deadlines.recurringPrefix","Title prefix","Prefijo título","Préfixe titre","ok"
"templates.deadlines.recurringStart","Start date (YYYY-MM-DD)","Fecha inicio (AAAA-MM-DD)","Date début (AAAA-MM-JJ)","ok"
"templates.deadlines.recurringWeekly","Weekly","Semanal","Hebdo","ok"
"templates.deadlines.recurringMonthly","Monthly","Mensual","Mensuel","ok"
"templates.deadlines.recurringCount","Count","Cantidad","Compteur","ok"
"templates.deadlines.recurringCreate","Create","Crear","Créer","ok"
"templates.deadlines.recurringAdded","Added","Añadido","Ajouté","ok"
"templates.deadlines.recurringAddedBody","{{count}} recurring deadlines added.","{{count}} plazos recurrentes añadidos.","{{count}} échéances récurrentes ajoutées.","ok"
"templates.deadlines.recurringFailed","Failed","Fallo","Échec","ok"
"templates.deadlines.recurringFailedBody","Could not add recurring deadlines.","No se pudo añadir plazos.","Impossible d'ajouter échéances.","ok"
"templates.deadlines.monthLabel","Month","Mes","Mois","ok"
"templates.deadlines.weekLabel","Week","Semana","Semaine","ok"
"templates.deadlines.selectedDate","Selected:","Seleccionado:","Sélectionné :","ok"
"templates.deadlines.myDeadlines","My Deadlines","Mis plazos","Mes échéances","ok"
"templates.deadlines.loading","(loading...)","(cargando...)","(chargement...)","ok"
"templates.deadlines.reload","Reload","Recargar","Recharger","ok"
"templates.deadlines.exportAllIcs","Export all as ICS","Exportar todo ICS","Tout ICS","ok"
"templates.deadlines.exportAllCsv","Export all as CSV","Exportar todo CSV","Tout CSV","ok"
"templates.deadlines.bulkMarkDone","Mark all done","Marcar todo hecho","Tout fait","ok"
"templates.deadlines.bulkMarkUndone","Mark all not-done","Marcar todo no hecho","Tout non fait","ok"
"templates.deadlines.addWeekly4","Add weekly x4","Añadir semanal x4","Hebdo x4","ok"
"templates.deadlines.addMonthly6","Add monthly x6","Añadir mensual x6","Mensuel x6","ok"
"templates.deadlines.none","No deadlines saved.","Sin plazos guardados.","Aucune échéance.","ok"
"templates.deadlines.editTitle","Edit title","Editar título","Modifier titre","ok"
"templates.deadlines.editDate","Edit date (YYYY-MM-DD)","Editar fecha (AAAA-MM-DD)","Modifier date (AAAA-MM-JJ)","ok"
"templates.deadlines.save","Save","Guardar","Sauver","ok"
"templates.deadlines.cancel","Cancel","Cancelar","Annuler","ok"
"templates.deadlines.snooze24","Snooze 24h","Posponer 24h","Reporter 24h","ok"
"templates.deadlines.snooze7","Snooze 7d","Posponer 7d","Reporter 7j","ok"
"templates.deadlines.markDone","Mark done","Marcar hecho","Marquer fait","ok"
"templates.deadlines.markUndone","Mark undone","Marcar no hecho","Marquer non fait","ok"
"templates.deadlines.edit","Edit","Editar","Modifier","ok"
"templates.deadlines.calendarAdd","Calendar","Calendario","Calendrier","ok"
"templates.deadlines.icsOne","ICS","ICS","ICS","untranslated"
"templates.deadlines.delete","Delete","Eliminar","Supprimer","ok"
"templates.deadlines.bulkUpdateFailed","Bulk update failed","Fallo actualización masiva","Échec maj groupée","ok"
"templates.deadlines.bulkUpdateFailedBody","Unable to update all deadlines.","No se pudo actualizar todo.","Impossible de mettre à jour.","ok"
"templates.deadlines.addFailed","Add failed","Fallo al añadir","Échec ajout","ok"
"templates.deadlines.addFailedWeeklyBody","Could not add weekly reminders.","No se pudieron añadir recordatorios semanales.","Ajout hebdo impossible.","ok"
"templates.deadlines.addFailedMonthlyBody","Could not add monthly reminders.","No se pudieron añadir recordatorios mensuales.","Ajout mensuel impossible.","ok"
"templates.deadlines.exportFailed","Export failed","Exportación fallida","Export échoué","ok"
"templates.deadlines.exportFailedBodyIcs","Could not create ICS.","No se pudo crear ICS.","Impossible de créer ICS.","ok"
"templates.deadlines.exportFailedBodyCsv","Could not create CSV.","No se pudo crear CSV.","Impossible de créer CSV.","ok"
"templates.deadlines.savedCache","Saved","Guardado","Sauvegardé","ok"
"templates.deadlines.savedCacheBody","File saved to cache.","Archivo guardado en caché.","Fichier en cache.","ok"
"templates.deadlines.savedCacheShareNA","File saved to cache (sharing unavailable).","Archivo guardado (compartir no disponible).","Fichier en cache (partage indisponible).","ok"
"templates.deadlines.calendarAdded","Added","Agregado","Ajouté","ok"
"templates.deadlines.calendarAddedBody","Event added to calendar.","Evento agregado.","Événement ajouté.","ok"
"templates.deadlines.calendarNotAdded","Not added","No agregado","Non ajouté","ok"
"templates.deadlines.calendarNotAddedBody","Unable to add event.","No se pudo agregar evento.","Impossible d'ajouter événement.","ok"
"templates.deadlines.snoozed","Snoozed","Pospuesto","Reporté","ok"
"templates.deadlines.snoozed24Body","Reminder in 24 hours.","Recordatorio en 24h.","Rappel dans 24h.","ok"
"templates.deadlines.snoozed7Body","Reminder in 7 days.","Recordatorio en 7d.","Rappel dans 7j.","ok"
"templates.deadlines.notScheduled","Not scheduled","No programado","Non programmé","ok"
"templates.deadlines.notScheduledBody","Unable to schedule.","No se pudo programar.","Impossible de programmer.","ok"
"templates.deadlines.updateFailed","Update failed","Actualización fallida","Mise à jour échouée","ok"
"templates.deadlines.updateFailedBody","Unable to update.","No se pudo actualizar.","Impossible de mettre à jour.","ok"
"templates.deadlines.deleteFailed","Delete failed","Eliminación fallida","Suppression échouée","ok"
"templates.deadlines.deleteFailedBody","Unable to delete.","No se pudo eliminar.","Impossible de supprimer.","ok"
"templates.deadlines.loadFailed","Load failed","Error de carga","Chargement échoué","ok"
"templates.deadlines.loadFailedBody","Unable to load deadlines.","No se pudieron cargar plazos.","Impossible de charger échéances.","ok"
"templates.deadlines.importedFromICS","Added {{count}} deadlines from ICS","Añadidos {{count}} desde ICS","{{count}} ajoutées depuis ICS","ok"
"templates.deadlines.importFailedBodyList","Could not import ICS file.","No se pudo importar archivo ICS.","Impossible d'importer fichier ICS.","ok"
"templates.deadlines.listTitle","[T] templates.deadlines.listTitle","[T] templates.deadlines.listTitle","[T] templates.deadlines.listTitle","tagged"
"templates.deadlines.reloadShort","[T] templates.deadlines.reloadShort","[T] templates.deadlines.reloadShort","[T] templates.deadlines.reloadShort","tagged"
"templates.deadlines.exportAllICS","[T] templates.deadlines.exportAllICS","[T] templates.deadlines.exportAllICS","[T] templates.deadlines.exportAllICS","tagged"
"templates.deadlines.exportAllCSV","[T] templates.deadlines.exportAllCSV","[T] templates.deadlines.exportAllCSV","[T] templates.deadlines.exportAllCSV","tagged"
"templates.deadlines.bulkMarkedDone","[T] templates.deadlines.bulkMarkedDone","[T] templates.deadlines.bulkMarkedDone","[T] templates.deadlines.bulkMarkedDone","tagged"
"templates.deadlines.markAllDone","[T] templates.deadlines.markAllDone","[T] templates.deadlines.markAllDone","[T] templates.deadlines.markAllDone","tagged"
"templates.deadlines.bulkMarkedUndone","[T] templates.deadlines.bulkMarkedUndone","[T] templates.deadlines.bulkMarkedUndone","[T] templates.deadlines.bulkMarkedUndone","tagged"
"templates.deadlines.markAllNotDone","[T] templates.deadlines.markAllNotDone","[T] templates.deadlines.markAllNotDone","[T] templates.deadlines.markAllNotDone","tagged"
"templates.deadlines.followUp","[T] templates.deadlines.followUp","[T] templates.deadlines.followUp","[T] templates.deadlines.followUp","tagged"
"templates.deadlines.weekShort","[T] templates.deadlines.weekShort","[T] templates.deadlines.weekShort","[T] templates.deadlines.weekShort","tagged"
"templates.deadlines.addWeekly","[T] templates.deadlines.addWeekly","[T] templates.deadlines.addWeekly","[T] templates.deadlines.addWeekly","tagged"
"templates.deadlines.monthShort","[T] templates.deadlines.monthShort","[T] templates.deadlines.monthShort","[T] templates.deadlines.monthShort","tagged"
"templates.deadlines.addMonthly","[T] templates.deadlines.addMonthly","[T] templates.deadlines.addMonthly","[T] templates.deadlines.addMonthly","tagged"
"templates.deadlines.empty","[T] templates.deadlines.empty","[T] templates.deadlines.empty","[T] templates.deadlines.empty","tagged"
"templates.deadlines.updated","[T] templates.deadlines.updated","[T] templates.deadlines.updated","[T] templates.deadlines.updated","tagged"
"templates.deadlines.snoozedDeadline","[T] templates.deadlines.snoozedDeadline","[T] templates.deadlines.snoozedDeadline","[T] templates.deadlines.snoozedDeadline","tagged"
"templates.deadlines.reminder24h","[T] templates.deadlines.reminder24h","[T] templates.deadlines.reminder24h","[T] templates.deadlines.reminder24h","tagged"
"templates.deadlines.unableSchedule","[T] templates.deadlines.unableSchedule","[T] templates.deadlines.unableSchedule","[T] templates.deadlines.unableSchedule","tagged"
"templates.deadlines.snooze24h","[T] templates.deadlines.snooze24h","[T] templates.deadlines.snooze24h","[T] templates.deadlines.snooze24h","tagged"
"templates.deadlines.reminder7d","[T] templates.deadlines.reminder7d","[T] templates.deadlines.reminder7d","[T] templates.deadlines.reminder7d","tagged"
"templates.deadlines.snooze7d","[T] templates.deadlines.snooze7d","[T] templates.deadlines.snooze7d","[T] templates.deadlines.snooze7d","tagged"
"templates.deadlines.markedUndone","[T] templates.deadlines.markedUndone","[T] templates.deadlines.markedUndone","[T] templates.deadlines.markedUndone","tagged"
"templates.deadlines.markedDone","[T] templates.deadlines.markedDone","[T] templates.deadlines.markedDone","[T] templates.deadlines.markedDone","tagged"
"templates.deadlines.eventAdded","[T] templates.deadlines.eventAdded","[T] templates.deadlines.eventAdded","[T] templates.deadlines.eventAdded","tagged"
"templates.deadlines.eventNotAdded","[T] templates.deadlines.eventNotAdded","[T] templates.deadlines.eventNotAdded","[T] templates.deadlines.eventNotAdded","tagged"
"templates.deadlines.eventAddedBody","[T] templates.deadlines.eventAddedBody","[T] templates.deadlines.eventAddedBody","[T] templates.deadlines.eventAddedBody","tagged"
"templates.deadlines.eventNotAddedBody","[T] templates.deadlines.eventNotAddedBody","[T] templates.deadlines.eventNotAddedBody","[T] templates.deadlines.eventNotAddedBody","tagged"
"templates.deadlines.saved","[T] templates.deadlines.saved","[T] templates.deadlines.saved","[T] templates.deadlines.saved","tagged"
"templates.deadlines.icsSaved","[T] templates.deadlines.icsSaved","[T] templates.deadlines.icsSaved","[T] templates.deadlines.icsSaved","tagged"
"templates.deadlines.exportFailedBody","[T] templates.deadlines.exportFailedBody","[T] templates.deadlines.exportFailedBody","[T] templates.deadlines.exportFailedBody","tagged"
"templates.deadlines.icsBtn","[T] templates.deadlines.icsBtn","[T] templates.deadlines.icsBtn","[T] templates.deadlines.icsBtn","tagged"
"templates.deadlines.deleted","[T] templates.deadlines.deleted","[T] templates.deadlines.deleted","[T] templates.deadlines.deleted","tagged"
"templates.deadlines.prevMonth","[T] templates.deadlines.prevMonth","[T] templates.deadlines.prevMonth","[T] templates.deadlines.prevMonth","tagged"
"templates.deadlines.nextMonth","[T] templates.deadlines.nextMonth","[T] templates.deadlines.nextMonth","[T] templates.deadlines.nextMonth","tagged"
"templates.deadlines.dayCell","[T] templates.deadlines.dayCell","[T] templates.deadlines.dayCell","[T] templates.deadlines.dayCell","tagged"
"templates.deadlines.emptyDay","[T] templates.deadlines.emptyDay","[T] templates.deadlines.emptyDay","[T] templates.deadlines.emptyDay","tagged"
"templates.timeline.title","[T] templates.timeline.title","Cronología del caso","Chronologie du dossier","ok"
"templates.timeline.missingTitle","[T] templates.timeline.missingTitle","[T] templates.timeline.missingTitle","[T] templates.timeline.missingTitle","tagged"
"templates.timeline.missingTitleBody","[T] templates.timeline.missingTitleBody","[T] templates.timeline.missingTitleBody","[T] templates.timeline.missingTitleBody","tagged"
"templates.timeline.entryAdded","[T] templates.timeline.entryAdded","Entrada agregada","Entrée ajoutée","ok"
"templates.timeline.copied","[T] templates.timeline.copied","Copiado","Copié","ok"
"templates.timeline.copiedBody","[T] templates.timeline.copiedBody","Cronología copiada","Chronologie copiée","ok"
"templates.timeline.copyFailed","[T] templates.timeline.copyFailed","[T] templates.timeline.copyFailed","[T] templates.timeline.copyFailed","tagged"
"templates.timeline.copyFailedBody","[T] templates.timeline.copyFailedBody","[T] templates.timeline.copyFailedBody","[T] templates.timeline.copyFailedBody","tagged"
"templates.timeline.shareTitle","[T] templates.timeline.shareTitle","[T] templates.timeline.shareTitle","[T] templates.timeline.shareTitle","tagged"
"templates.timeline.exportFailed","[T] templates.timeline.exportFailed","[T] templates.timeline.exportFailed","[T] templates.timeline.exportFailed","tagged"
"templates.timeline.exportFailedBody","[T] templates.timeline.exportFailedBody","[T] templates.timeline.exportFailedBody","[T] templates.timeline.exportFailedBody","tagged"
"templates.timeline.resetTitle","[T] templates.timeline.resetTitle","[T] templates.timeline.resetTitle","[T] templates.timeline.resetTitle","tagged"
"templates.timeline.resetBody","[T] templates.timeline.resetBody","[T] templates.timeline.resetBody","[T] templates.timeline.resetBody","tagged"
"templates.timeline.screenLabel","[T] templates.timeline.screenLabel","[T] templates.timeline.screenLabel","[T] templates.timeline.screenLabel","tagged"
"templates.timeline.toggleInfo","[T] templates.timeline.toggleInfo","[T] templates.timeline.toggleInfo","[T] templates.timeline.toggleInfo","tagged"
"templates.timeline.resetTimeline","[T] templates.timeline.resetTimeline","[T] templates.timeline.resetTimeline","[T] templates.timeline.resetTimeline","tagged"
"templates.timeline.infoTitle","[T] templates.timeline.infoTitle","Seguimiento del caso","Suivi du dossier","ok"
"templates.timeline.infoLine1","[T] templates.timeline.infoLine1","Registre eventos clave como formularios, visitas, llamadas.","Consignez les événements clés comme formulaires, visites, appels.","ok"
"templates.timeline.infoLine2","[T] templates.timeline.infoLine2","Úselo al redactar cartas o apelaciones.","Utilisez lors de la rédaction de lettres ou appels.","ok"
"templates.timeline.infoLine3","[T] templates.timeline.infoLine3","Exporte o copie para compartir.","Exporter ou copier pour partager.","ok"
"templates.timeline.subtitle","[T] templates.timeline.subtitle","[T] templates.timeline.subtitle","[T] templates.timeline.subtitle","tagged"
"templates.timeline.openDeadlines","[T] templates.timeline.openDeadlines","[T] templates.timeline.openDeadlines","[T] templates.timeline.openDeadlines","tagged"
"templates.timeline.addDocuments","[T] templates.timeline.addDocuments","[T] templates.timeline.addDocuments","[T] templates.timeline.addDocuments","tagged"
"templates.timeline.caseDocuments","[T] templates.timeline.caseDocuments","[T] templates.timeline.caseDocuments","[T] templates.timeline.caseDocuments","tagged"
"templates.timeline.addedToLocker","[T] templates.timeline.addedToLocker","[T] templates.timeline.addedToLocker","[T] templates.timeline.addedToLocker","tagged"
"templates.timeline.addFailed","[T] templates.timeline.addFailed","[T] templates.timeline.addFailed","[T] templates.timeline.addFailed","tagged"
"templates.timeline.addFailedBody","[T] templates.timeline.addFailedBody","[T] templates.timeline.addFailedBody","[T] templates.timeline.addFailedBody","tagged"
"templates.timeline.addDocsBtn","[T] templates.timeline.addDocsBtn","[T] templates.timeline.addDocsBtn","[T] templates.timeline.addDocsBtn","tagged"
"templates.timeline.newEntry","[T] templates.timeline.newEntry","Nueva entrada","Nouvelle entrée","ok"
"templates.timeline.date","[T] templates.timeline.date","Fecha","Date","ok"
"templates.timeline.titleField","[T] templates.timeline.titleField","Título","Titre","ok"
"templates.timeline.detailsField","[T] templates.timeline.detailsField","Detalles","Détails","ok"
"templates.timeline.addEntry","[T] templates.timeline.addEntry","Agregar","Ajouter","ok"
"templates.timeline.entriesTitle","[T] templates.timeline.entriesTitle","Entradas de la cronología","Entrées de la chronologie","ok"
"templates.voice.title","[T] templates.voice.title","Notas de voz a caso","Notes vocales du dossier","ok"
"templates.voice.recording","[T] templates.voice.recording","[T] templates.voice.recording","[T] templates.voice.recording","tagged"
"templates.voice.recordUnavailable","[T] templates.voice.recordUnavailable","Grabación no disponible","Enregistrement indisponible","ok"
"templates.voice.recordUnavailableBody","[T] templates.voice.recordUnavailableBody","Reconstruya con expo-av para habilitar.","Recompiler avec expo-av pour activer.","ok"
"templates.voice.recordingStopped","[T] templates.voice.recordingStopped","[T] templates.voice.recordingStopped","[T] templates.voice.recordingStopped","tagged"
"templates.voice.noteSaved","[T] templates.voice.noteSaved","Nota guardada","Note enregistrée","ok"
"templates.voice.date","[T] templates.voice.date","Fecha","Date","ok"
"templates.voice.who","[T] templates.voice.who","[T] templates.voice.who","[T] templates.voice.who","tagged"
"templates.voice.topic","[T] templates.voice.topic","Tema","Sujet","ok"
"templates.voice.summary","[T] templates.voice.summary","[T] templates.voice.summary","[T] templates.voice.summary","tagged"
"templates.voice.audio","[T] templates.voice.audio","[T] templates.voice.audio","[T] templates.voice.audio","tagged"
"templates.voice.copiedBody","[T] templates.voice.copiedBody","Registro copiado al portapapeles.","Journal copié dans le presse-papiers.","ok"
"templates.voice.shareTitle","[T] templates.voice.shareTitle","Registro de caso","Journal de dossier","ok"
"templates.voice.pdfUnavailable","[T] templates.voice.pdfUnavailable","PDF no disponible","PDF indisponible","ok"
"templates.voice.pdfUnavailableBody","[T] templates.voice.pdfUnavailableBody","Instale expo-print en una compilación de desarrollo.","Installez expo-print dans une build de dev.","ok"
"templates.voice.shareTitleDoc","[T] templates.voice.shareTitleDoc","Registro de caso (.doc)","Journal de dossier (.doc)","ok"
"templates.voice.exportFailed","[T] templates.voice.exportFailed","Exportación fallida","Export échoué","ok"
"templates.voice.exportFailedBody","[T] templates.voice.exportFailedBody","No se pudo crear el archivo .doc","Impossible de créer le fichier .doc","ok"
"templates.voice.infoTitle","[T] templates.voice.infoTitle","Capturar y transcribir","Capturer et transcrire","ok"
"templates.voice.info1","[T] templates.voice.info1","Grabe notas y agregue contexto (quién, tema).","Enregistrez des notes et ajoutez le contexte (qui, sujet).","ok"
"templates.voice.info2","[T] templates.voice.info2","Transcriba audio y comparta registros formateados.","Transcrivez l'audio et partagez des journaux formatés.","ok"
"templates.voice.info3","[T] templates.voice.info3","Úselo para visitas médicas o reuniones.","Utilisez pour visites médicales ou réunions.","ok"
"templates.voice.subtitle","[T] templates.voice.subtitle","Grabe notas de audio y conviértalas en registros.","Enregistrez des notes audio et créez des journaux.","ok"
"templates.voice.whoField","[T] templates.voice.whoField","Quién (médico, gestor, RRHH)","Qui (médecin, gestionnaire, RH)","ok"
"templates.voice.summaryField","[T] templates.voice.summaryField","Resumen / Transcripción","Résumé / Transcription","ok"
"templates.voice.record","[T] templates.voice.record","Grabar audio","Enregistrer audio","ok"
"templates.voice.stop","[T] templates.voice.stop","Detener grabación","Arrêter","ok"
"templates.voice.transcribe","[T] templates.voice.transcribe","Transcribir","Transcrire","ok"
"templates.voice.saveNote","[T] templates.voice.saveNote","Guardar nota","Enregistrer la note","ok"
"templates.voice.savedNotes","[T] templates.voice.savedNotes","Notas guardadas","Notes enregistrées","ok"
"templates.voice.none","[T] templates.voice.none","Sin notas aún.","Aucune note pour l'instant.","ok"
"templates.voice.note","[T] templates.voice.note","Nota","Note","ok"
"common.hide","Hide","Hide","Hide","untranslated"
"common.show","Show","Show","Show","untranslated"
"common.save","Save","Save","Save","untranslated"
"common.saveAll","Save All","Save All","Save All","untranslated"
"common.processQueue","Process Queue","Process Queue","Process Queue","untranslated"
"common.load","Load","Load","Load","untranslated"
"common.loadMore","Load More","Load More","Load More","untranslated"
"common.openQueue","Open Upload Queue","Open Upload Queue","Open Upload Queue","untranslated"
"common.cloudItems","Cloud items","Cloud items","Cloud items","untranslated"
"common.deleteAll","Delete All","Delete All","Delete All","untranslated"
"common.deleteSelected","Delete Selected","Delete Selected","Delete Selected","untranslated"
"common.delete","Delete","Delete","Delete","untranslated"
"common.cancel","Cancel","Cancel","Cancel","untranslated"
"common.filter","quick filter","filtro rápido","filtre rapide","ok"
"common.errorTitle","[T] common.errorTitle","[T] common.errorTitle","[T] common.errorTitle","tagged"
"common.ok","[T] common.ok","[T] common.ok","[T] common.ok","tagged"
"common.hidden","[T] common.hidden","[T] common.hidden","[T] common.hidden","tagged"
"common.shown","[T] common.shown","[T] common.shown","[T] common.shown","tagged"
"common.copyAll","[T] common.copyAll","[T] common.copyAll","[T] common.copyAll","tagged"
"common.share","[T] common.share","[T] common.share","[T] common.share","tagged"
"common.exportDoc","[T] common.exportDoc","[T] common.exportDoc","[T] common.exportDoc","tagged"
"common.reset","[T] common.reset","[T] common.reset","[T] common.reset","tagged"
"common.loading","[T] common.loading","[T] common.loading","[T] common.loading","tagged"
"common.edit","[T] common.edit","[T] common.edit","[T] common.edit","tagged"
"common.previewImage","[T] common.previewImage","[T] common.previewImage","[T] common.previewImage","tagged"
"common.closePreview","[T] common.closePreview","[T] common.closePreview","[T] common.closePreview","tagged"
"common.preview","[T] common.preview","[T] common.preview","[T] common.preview","tagged"
"common.copied","[T] common.copied","[T] common.copied","[T] common.copied","tagged"
"common.copy","[T] common.copy","[T] common.copy","[T] common.copy","tagged"
"common.pdf","[T] common.pdf","[T] common.pdf","[T] common.pdf","tagged"
"common.doc","[T] common.doc","[T] common.doc","[T] common.doc","tagged"
"common.success","[T] common.success","[T] common.success","[T] common.success","tagged"
"common.error","[T] common.error","[T] common.error","[T] common.error","tagged"
"common.working","[T] common.working","[T] common.working","[T] common.working","tagged"
"test.badge","[T]BadgeMarker","IndicadorInsignia","BadgeMarque","ok"
"demoPlural.item.one","{{count}} item","{{count}} elemento","{{count}} item","untranslated"
"demoPlural.item.other","{{count}} items","{{count}} elementos","{{count}} items","untranslated"
"research.chips.uncrpd","UNCRPD","UNCRPD","UNCRPD","untranslated"
"research.chips.advocacy","Advocacy","Defensa","Plaidoyer","ok"
"research.chips.poverty","Poverty","Pobreza","Pauvreté","ok"
"research.chips.suppression","Suppression","Supresión","Suppression","untranslated"
"research.card.uncrpdGuideTitle","UNCRPD Guide & Framework","Guía y Marco UNCRPD","Guide et cadre UNCRPD","ok"
"research.card.uncrpdGuideDesc","Browse articles, General Comments, implementation tools, and country monitoring pathways.","Explora artículos, Comentarios Generales, herramientas de implementación y vías de monitoreo nacional.","Parcourez articles, Observations générales, outils d'implémentation et voies de suivi nationales.","ok"
"research.landing.screenLabel","Research screen","Pantalla de investigación","Écran recherche","ok"
"research.landing.title","Research","Investigación","Recherche","ok"
"research.landing.subtitle","Access studies, reports, articles, history timeline, and case wait-times.","Accede a estudios, informes, artículos, línea histórica y tiempos de espera de casos.","Accédez à études, rapports, articles, frise historique et délais de dossiers.","ok"
"research.landing.studiesTitle","Studies","Estudios","Études","ok"
"research.landing.studiesDesc","Access clinical and workplace studies","Accede a estudios clínicos y laborales","Accès à des études cliniques et en milieu de travail","ok"
"research.landing.reportsTitle","Reports","Informes","Rapports","ok"
"research.landing.reportsDesc","Community and government reports made easy","Informes comunitarios y gubernamentales simplificados","Rapports communautaires et gouvernementaux simplifiés","ok"
"research.landing.articlesTitle","Articles","Artículos","Articles","untranslated"
"research.landing.articlesDesc","Insights on disability, workplace rights, advocacy","Perspectivas sobre discapacidad, derechos laborales y defensa","Analyses sur handicap, droits au travail et plaidoyer","ok"
"research.landing.timelineTitle","History Timeline","Línea Histórica","Frise Historique","ok"
"research.landing.timelineDesc","Track milestones in disability, worker, and injured worker rights","Sigue hitos en derechos de discapacidad y laborales","Suivre les étapes marquantes des droits du handicap et du travail","ok"
"research.landing.waitTitle","Case/File Wait-Times","Tiempos de Espera de Casos/Expedientes","Délais Dossier / Instance","ok"
"research.landing.waitDesc","Estimate how long processes may take","Estima cuánto pueden demorar los procesos","Estimer la durée probable des processus","ok"
"research.landing.masterIndexTitle","Master Index","Índice Maestro","Index Principal","ok"
"research.landing.masterIndexDesc","Comprehensive map of data & research sources","Mapa integral de fuentes de datos e investigación","Cartographie complète des sources de données & recherche","ok"
"research.landing.hubsHeader","Research & Data Hubs","Centros de Datos e Investigación","Hubs de Données et Recherche","ok"
"research.landing.hubsIntro","Trusted national and global sources for disability, return-to-work, accessibility, assistive tech, and social protection evidence.","Fuentes nacionales y globales de evidencia sobre discapacidad, retorno al trabajo, accesibilidad, tecnología asistiva y protección social.","Sources nationales et mondiales sur handicap, retour au travail, accessibilité, technologies d’assistance et protection sociale.","ok"
"research.landing.regionCanada","Canada","Canadá","Canada","untranslated"
"research.landing.regionWorldwide","Worldwide","Mundial","Monde","ok"
"uncrpd.screenLabel","UNCRPD information and application guide screen","Pantalla de información y guía de aplicación UNCRPD","Écran informations et guide d'application UNCRPD","ok"
"uncrpd.title","UNCRPD Framework & Application Guide","Marco UNCRPD y Guía de Aplicación","Cadre UNCRPD et guide d'application","ok"
"uncrpd.intro","The UN Convention on the Rights of Persons with Disabilities (UNCRPD) sets out global obligations to respect, protect, and fulfill disability rights. This guide helps you navigate its core texts, General Comments, monitoring tools, and practical implementation pathways.","La Convención de la ONU sobre los Derechos de las Personas con Discapacidad (UNCRPD) establece obligaciones globales para respetar, proteger y garantizar derechos. Esta guía te ayuda a navegar textos básicos, Comentarios Generales, herramientas de monitoreo y vías prácticas de implementación.","La Convention des Nations Unies relative aux droits des personnes handicapées (UNCRPD) définit des obligations mondiales pour respecter, protéger et réaliser les droits liés au handicap. Ce guide aide à naviguer textes de base, Observations générales, outils de suivi et voies pratiques d'application.","ok"
"uncrpd.quickAccess","Quick Access","Acceso rápido","Accès rapide","ok"
"uncrpd.openFilteredIndex","Open Research Index (filtered)","Abrir índice de investigación (filtrado)","Ouvrir index de recherche (filtré)","ok"
"uncrpd.sections.coreTexts","Core Texts & General Comments","Textos básicos y Comentarios Generales","Textes de base et Observations générales","ok"
"uncrpd.sections.monitoring","Monitoring & Implementation","Monitoreo e Implementación","Suivi et mise en œuvre","ok"
"uncrpd.sections.apply","Applying the UNCRPD","Aplicando la UNCRPD","Appliquer l'UNCRPD","ok"
"uncrpd.sections.canada","Canada – Article 33 Implementation","Canadá – Implementación Artículo 33","Canada – Mise en œuvre Article 33","ok"
"uncrpd.workflow.heading","Practical Workflow","Flujo práctico","Flux pratique","ok"
"uncrpd.workflow.step1","1. Identify the relevant UNCRPD article(s) and any clarifying General Comment.","1. Identifica los artículos UNCRPD relevantes y cualquier Comentario General aclaratorio.","1. Identifier les articles UNCRPD pertinents et toute Observation générale clarificatrice.","ok"
"uncrpd.workflow.step2","2. Map facts and barriers to treaty language (rights affected, duties triggered).","2. Mapea hechos y barreras al lenguaje del tratado (derechos afectados, deberes activados).","2. Aligner faits et obstacles avec le texte du traité (droits touchés, obligations déclenchées).","ok"
"uncrpd.workflow.step3","3. Collect supporting evidence (timelines, medical notes, accommodation records).","3. Reúne evidencia de apoyo (cronologías, notas médicas, registros de adaptaciones).","3. Rassembler preuves de soutien (chronologies, notes médicales, dossiers d'aménagement).","ok"
"uncrpd.workflow.step4","4. Frame requests or submissions using article citations + plain language impact.","4. Formula solicitudes o escritos citando artículos + impacto en lenguaje sencillo.","4. Formuler demandes ou mémoires en citant articles + impact en langage simple.","ok"
"uncrpd.workflow.step5","5. Reference monitoring or implementation guidance for follow‑up or escalation.","5. Referencia guías de monitoreo/implementación para seguimiento o escalamiento.","5. Référencer guides de suivi / mise en œuvre pour suivi ou escalade.","ok"
"uncrpd.workflow.step6","6. Track outcomes and iterate – update evidence and article mapping as needed.","6. Sigue resultados y itera – actualiza evidencia y mapeo de artículos según necesidad.","6. Suivre résultats et itérer – mettre à jour preuves et cartographie des articles au besoin.","ok"
"uncrpd.indicator.title","Indicator Design Tips","Consejos de diseño de indicadores","Conseils conception indicateurs","ok"
"uncrpd.indicator.body","Use OHCHR model: Structure (laws/mandates), Process (program coverage, participation), Outcome (employment retention, accommodation resolution timelines, reduction in claim suppression).","Usa modelo OHCHR: Estructura (leyes/mandatos), Proceso (cobertura, participación), Resultado (retención laboral, tiempos de resolución de adaptaciones, reducción de supresión de reclamaciones).","Utiliser modèle HCDH : Structure (lois/mandats), Processus (couverture programmes, participation), Résultat (maintien en emploi, délais résolution aménagements, réduction suppression réclamations).","ok"
"uncrpd.actions.openArticles","Open Articles & GCs","Abrir artículos y CGs","Ouvrir articles et OG","ok"
"uncrpd.actions.openMonitoring","Open Monitoring Tools","Abrir herramientas de monitoreo","Ouvrir outils de suivi","ok"
"uncrpd.actions.openApplication","Open Application How-To","Abrir guía de aplicación","Ouvrir guide d'application","ok"
"uncrpd.actions.gcEmployment","Employment (GC 8)","Empleo (CG 8)","Emploi (OG 8)","ok"
"uncrpd.actions.gcLegalCapacity","Legal Capacity (GC 1)","Capacidad jurídica (CG 1)","Capacité juridique (OG 1)","ok"
"uncrpd.actions.gcAccessibility","Accessibility (GC 2)","Accesibilidad (CG 2)","Accessibilité (OG 2)","ok"
"masterIndex.title","Master Research Index","Índice maestro de investigación","Index maître de recherche","ok"
"masterIndex.screenLabel","Master research index screen","Pantalla índice maestro investigación","Écran index maître recherche","ok"
"masterIndex.intro","Hierarchical map of authoritative data sources, research hubs, thematic drill-downs, historical frameworks, and search strategies across Canada and global contexts.","Mapa jerárquico de fuentes de datos autorizadas, hubs de investigación, análisis temáticos, marcos históricos y estrategias de búsqueda en Canadá y global.","Carte hiérarchique des sources de données faisant autorité, hubs de recherche, analyses thématiques, cadres historiques et stratégies de recherche au Canada et globalement.","ok"
"masterIndex.results.one","{{count}} link","{{count}} enlace","{{count}} lien","ok"
"masterIndex.results.other","{{count}} links","{{count}} enlaces","{{count}} liens","ok"
"masterIndex.filterLabel","Filter sources","Filtrar fuentes","Filtrer les sources","ok"
"masterIndex.searchPlaceholder","Search themes, portals, hubs...","Buscar temas, portales, hubs...","Rechercher thèmes, portails, hubs...","ok"
"masterIndex.sections.canada","Master Index — Canada","Índice maestro — Canadá","Index maître — Canada","ok"
"masterIndex.sections.global","Master Index — Global & Regional","Índice maestro — Global y Regional","Index maître — Global & Régional","ok"
"masterIndex.sections.themes","Thematic Drill-Downs","Análisis temáticos","Analyses thématiques","ok"
"masterIndex.sections.landmarks","Historical Bedrock & Frameworks","Marcos históricos","Cadres historiques","ok"
"masterIndex.sections.search","Search Portals","Portales de búsqueda","Portails de recherche","ok"
"masterIndex.sections.howTo","How to Use This Map","Cómo usar este mapa","Comment utiliser cette carte","ok"
"masterIndex.chipsAnnounce","Quick filter set to {{label}}","Filtro rápido establecido en {{label}}","Filtre rapide défini sur {{label}}","ok"
"eventsFeature.createToggleOpen","Create Event","Create Event","Create Event","untranslated"
"eventsFeature.createToggleClose","Close Form","Close Form","Close Form","untranslated"
"eventsFeature.form.titlePlaceholder","Title","Title","Title","untranslated"
"eventsFeature.form.descriptionPlaceholder","Description","Description","Description","untranslated"
"eventsFeature.form.datePlaceholder","Date (YYYY-MM-DD HH:MM)","Date (YYYY-MM-DD HH:MM)","Date (YYYY-MM-DD HH:MM)","untranslated"
"eventsFeature.form.locationPlaceholder","Location (optional)","Location (optional)","Location (optional)","untranslated"
"eventsFeature.form.add","Add Event","Add Event","Add Event","untranslated"
"eventsFeature.form.invalidDate","Invalid date","Invalid date","Invalid date","untranslated"
"eventsFeature.form.added","Event added","Event added","Event added","untranslated"
"eventsFeature.chips.virtual","Virtual","Virtual","Virtual","untranslated"
"eventsFeature.chips.asl","ASL","ASL","ASL","untranslated"
"eventsFeature.chips.captions","Captions","Captions","Captions","untranslated"
"eventsFeature.chips.stepFree","Step-free","Step-free","Step-free","untranslated"
"eventsFeature.chips.sensory","Sensory","Sensory","Sensory","untranslated"
"eventsFeature.reminders.add","Add Reminder","Add Reminder","Add Reminder","untranslated"
"eventsFeature.reminders.remove","Remove Reminder","Remove Reminder","Remove Reminder","untranslated"
"eventsFeature.reminders.disabledTitle","Reminders Disabled","Reminders Disabled","Reminders Disabled","untranslated"
"eventsFeature.reminders.disabledBody","Enable Event Reminders in Settings to schedule local notifications.","Enable Event Reminders in Settings to schedule local notifications.","Enable Event Reminders in Settings to schedule local notifications.","untranslated"
"eventsFeature.reminders.scheduled","Reminder set for 60 minutes before start.","Reminder set for 60 minutes before start.","Reminder set for 60 minutes before start.","untranslated"
"eventsFeature.reminders.removed","Event reminder removed.","Event reminder removed.","Event reminder removed.","untranslated"
"eventsFeature.reminders.tooSoon","Event is starting too soon for a reminder.","Event is starting too soon for a reminder.","Event is starting too soon for a reminder.","untranslated"
"eventsFeature.reminders.invalidDate","Cannot parse event date.","Cannot parse event date.","Cannot parse event date.","untranslated"
"eventsFeature.reminders.failed","Unable to schedule reminder.","Unable to schedule reminder.","Unable to schedule reminder.","untranslated"
"eventsFeature.reminders.addCalendar","Add to Calendar","Add to Calendar","Add to Calendar","untranslated"
"about.title","About & Contact","[T] About & Contact","[T] About & Contact","tagged"
"about.intro1","Empowr supports injured workers, the disability community, advocates and allies with tools, resources, and updates.","[T] Empowr supports injured workers, the disability community, advocates and allies with tools, resources, and updates.","[T] Empowr supports injured workers, the disability community, advocates and allies with tools, resources, and updates.","tagged"
"about.intro2","Vision: a full lifecycle empowerment hub - starting with Health (tracking, medical resources), moving into Claims/Appeals (legal + advocacy tools), into Recovery (wellness + return to work), and ending in Collective Action (campaigns, systemic change). One home for both survival and transformation.","[T] Vision: a full lifecycle empowerment hub - starting with Health (tracking, medical resources), moving into Claims/Appeals (legal + advocacy tools), into Recovery (wellness + return to work), and ending in Collective Action (campaigns, systemic change). One home for both survival and transformation.","[T] Vision: a full lifecycle empowerment hub - starting with Health (tracking, medical resources), moving into Claims/Appeals (legal + advocacy tools), into Recovery (wellness + return to work), and ending in Collective Action (campaigns, systemic change). One home for both survival and transformation.","tagged"
"about.intro3","Questions, suggestions, or requests? Reach out anytime.","[T] Questions, suggestions, or requests? Reach out anytime.","[T] Questions, suggestions, or requests? Reach out anytime.","tagged"
"about.emailLabel","Email","[T] Email","[T] Email","tagged"
"about.subjectPlaceholder","Subject","[T] Subject","[T] Subject","tagged"
"about.messagePlaceholder","Your message","[T] Your message","[T] Your message","tagged"
"about.send","Send","[T] Send","[T] Send","tagged"
"about.sendLabel","Send email","[T] Send email","[T] Send email","tagged"
"about.emailNotConfiguredTitle","Email not configured","[T] Email not configured","[T] Email not configured","tagged"
"about.emailNotConfiguredBody","Please email {{email}}","[T] Please email {{email}}","[T] Please email {{email}}","tagged"
"about.validationMissing","Subject and message required","[T] Subject and message required","[T] Subject and message required","tagged"
"faqs.title","FAQs","[T] FAQs","[T] FAQs","tagged"
"faqs.searchPlaceholder","Search FAQs","[T] Search FAQs","[T] Search FAQs","tagged"
"faqs.searchLabel","Search FAQs","[T] Search FAQs","[T] Search FAQs","tagged"
"faqs.questionPlaceholder","Question","[T] Question","[T] Question","tagged"
"faqs.answerPlaceholder","Answer","[T] Answer","[T] Answer","tagged"
"faqs.add","Add","[T] Add","[T] Add","tagged"
"faqs.addLabel","Add FAQ","[T] Add FAQ","[T] Add FAQ","tagged"
"faqs.empty","No FAQs found","[T] No FAQs found","[T] No FAQs found","tagged"
"voiceHelp.title","Voice Help","[T] Voice Help","[T] Voice Help","tagged"
"voiceHelp.intro","Press the mic and say a command:","[T] Press the mic and say a command:","[T] Press the mic and say a command:","tagged"
"voiceHelp.commands.openResources","Open resources","[T] Open resources","[T] Open resources","tagged"
"voiceHelp.commands.openRatings","Open ratings","[T] Open ratings","[T] Open ratings","tagged"
"voiceHelp.commands.openAdvocacy","Open advocacy","[T] Open advocacy","[T] Open advocacy","tagged"
"voiceHelp.commands.openCommunity","Open community","[T] Open community","[T] Open community","tagged"
"voiceHelp.commands.openSettings","Open settings","[T] Open settings","[T] Open settings","tagged"
"voiceHelp.commands.openAdminPending","Open admin pending / approved / trash","[T] Open admin pending / approved / trash","[T] Open admin pending / approved / trash","tagged"
"voiceHelp.commands.openRightsExplainer","Open rights explainer","[T] Open rights explainer","[T] Open rights explainer","tagged"
"voiceHelp.commands.openDoctorPrep","Open doctor visit prep","[T] Open doctor visit prep","[T] Open doctor visit prep","tagged"
"voiceHelp.commands.openA11yLog","Open accessibility log","[T] Open accessibility log","[T] Open accessibility log","tagged"
"voiceHelp.commands.openRehabTracker","Open rehab tracker","[T] Open rehab tracker","[T] Open rehab tracker","tagged"
"voiceHelp.commands.openWorldMap","Open world map","[T] Open world map","[T] Open world map","tagged"
"voiceHelp.commands.openMediaStudio","Open media studio","[T] Open media studio","[T] Open media studio","tagged"
"voiceHelp.commands.goBack","Back / Go back","[T] Back / Go back","[T] Back / Go back","tagged"
"savedScreen.subtitle","Organize and access your bookmarked content","[T] Organize and access your bookmarked content","[T] Organize and access your bookmarked content","tagged"
"savedScreen.searchPlaceholder","Search saved items...","[T] Search saved items...","[T] Search saved items...","tagged"
"savedScreen.searchLabel","Search saved items","[T] Search saved items","[T] Search saved items","tagged"
"savedScreen.searchHint","Search through your saved podcasts, resources, and campaigns","[T] Search through your saved podcasts, resources, and campaigns","[T] Search through your saved podcasts, resources, and campaigns","tagged"
"savedScreen.clearSearch","Clear search","[T] Clear search","[T] Clear search","tagged"
"savedScreen.filters.all","All","[T] All","[T] All","tagged"
"savedScreen.filters.podcast","Podcasts","[T] Podcasts","[T] Podcasts","tagged"
"savedScreen.filters.resource","Resources","[T] Resources","[T] Resources","tagged"
"savedScreen.filters.campaign","Campaigns","[T] Campaigns","[T] Campaigns","tagged"
"savedScreen.view.list","List view","[T] List view","[T] List view","tagged"
"savedScreen.view.grid","Grid view","[T] Grid view","[T] Grid view","tagged"
"savedScreen.resultsCount","{{count}} result{{plural}} found","[T] {{count}} result{{plural}} found","[T] {{count}} result{{plural}} found","tagged"
"savedScreen.emptyNoneTitle","No saved items yet","[T] No saved items yet","[T] No saved items yet","tagged"
"savedScreen.emptyNoneBody","Start saving podcasts, resources, and campaigns to access them here","[T] Start saving podcasts, resources, and campaigns to access them here","[T] Start saving podcasts, resources, and campaigns to access them here","tagged"
"savedScreen.emptySearchTitle","No results found","[T] No results found","[T] No results found","tagged"
"savedScreen.emptySearchBody","Try adjusting your search or filter criteria","[T] Try adjusting your search or filter criteria","[T] Try adjusting your search or filter criteria","tagged"
"savedScreen.a11y.screenLabel","[T] savedScreen.a11y.screenLabel","[T] savedScreen.a11y.screenLabel","[T] savedScreen.a11y.screenLabel","tagged"
"savedScreen.searchA11y.label","[T] savedScreen.searchA11y.label","[T] savedScreen.searchA11y.label","[T] savedScreen.searchA11y.label","tagged"
"savedScreen.searchA11y.hint","[T] savedScreen.searchA11y.hint","[T] savedScreen.searchA11y.hint","[T] savedScreen.searchA11y.hint","tagged"
"savedScreen.searchA11y.clear","[T] savedScreen.searchA11y.clear","[T] savedScreen.searchA11y.clear","[T] savedScreen.searchA11y.clear","tagged"
"appealCoach.newResponse","[T] appealCoach.newResponse","[T] appealCoach.newResponse","[T] appealCoach.newResponse","tagged"
"appealCoach.transcriptTitle","[T] appealCoach.transcriptTitle","[T] appealCoach.transcriptTitle","[T] appealCoach.transcriptTitle","tagged"
"appealCoach.reset","[T] appealCoach.reset","[T] appealCoach.reset","[T] appealCoach.reset","tagged"
"appealCoach.screenLabel","[T] appealCoach.screenLabel","[T] appealCoach.screenLabel","[T] appealCoach.screenLabel","tagged"
"appealCoach.howToUse","[T] appealCoach.howToUse","[T] appealCoach.howToUse","[T] appealCoach.howToUse","tagged"
"appealCoach.howToUseTitle","[T] appealCoach.howToUseTitle","[T] appealCoach.howToUseTitle","[T] appealCoach.howToUseTitle","tagged"
"appealCoach.instructions","[T] appealCoach.instructions","[T] appealCoach.instructions","[T] appealCoach.instructions","tagged"
"appealCoach.share","[T] appealCoach.share","[T] appealCoach.share","[T] appealCoach.share","tagged"
"appealCoach.shareHint","[T] appealCoach.shareHint","[T] appealCoach.shareHint","[T] appealCoach.shareHint","tagged"
"appealCoach.shareBtn","[T] appealCoach.shareBtn","[T] appealCoach.shareBtn","[T] appealCoach.shareBtn","tagged"
"appealCoach.resetLabel","[T] appealCoach.resetLabel","[T] appealCoach.resetLabel","[T] appealCoach.resetLabel","tagged"
"appealCoach.resetHint","[T] appealCoach.resetHint","[T] appealCoach.resetHint","[T] appealCoach.resetHint","tagged"
"appealCoach.resetBtn","[T] appealCoach.resetBtn","[T] appealCoach.resetBtn","[T] appealCoach.resetBtn","tagged"
"appealCoach.skipToInput","[T] appealCoach.skipToInput","[T] appealCoach.skipToInput","[T] appealCoach.skipToInput","tagged"
"appealCoach.skipToInputHint","[T] appealCoach.skipToInputHint","[T] appealCoach.skipToInputHint","[T] appealCoach.skipToInputHint","tagged"
"appealCoach.skip","[T] appealCoach.skip","[T] appealCoach.skip","[T] appealCoach.skip","tagged"
"appealCoach.title","[T] appealCoach.title","[T] appealCoach.title","[T] appealCoach.title","tagged"
"appealCoach.you","[T] appealCoach.you","[T] appealCoach.you","[T] appealCoach.you","tagged"
"appealCoach.coach","[T] appealCoach.coach","[T] appealCoach.coach","[T] appealCoach.coach","tagged"
"appealCoach.messages","[T] appealCoach.messages","[T] appealCoach.messages","[T] appealCoach.messages","tagged"
"appealCoach.copied","[T] appealCoach.copied","[T] appealCoach.copied","[T] appealCoach.copied","tagged"
"appealCoach.lastResponseCopied","[T] appealCoach.lastResponseCopied","[T] appealCoach.lastResponseCopied","[T] appealCoach.lastResponseCopied","tagged"
"appealCoach.clipboardMissingTitle","[T] appealCoach.clipboardMissingTitle","[T] appealCoach.clipboardMissingTitle","[T] appealCoach.clipboardMissingTitle","tagged"
"appealCoach.clipboardMissingMsg","[T] appealCoach.clipboardMissingMsg","[T] appealCoach.clipboardMissingMsg","[T] appealCoach.clipboardMissingMsg","tagged"
"appealCoach.copyLast","[T] appealCoach.copyLast","[T] appealCoach.copyLast","[T] appealCoach.copyLast","tagged"
"appealCoach.copyLastHint","[T] appealCoach.copyLastHint","[T] appealCoach.copyLastHint","[T] appealCoach.copyLastHint","tagged"
"appealCoach.copyLastBtn","[T] appealCoach.copyLastBtn","[T] appealCoach.copyLastBtn","[T] appealCoach.copyLastBtn","tagged"
"appealCoach.conversationCopied","[T] appealCoach.conversationCopied","[T] appealCoach.conversationCopied","[T] appealCoach.conversationCopied","tagged"
"appealCoach.copyConversation","[T] appealCoach.copyConversation","[T] appealCoach.copyConversation","[T] appealCoach.copyConversation","tagged"
"appealCoach.copyConversationHint","[T] appealCoach.copyConversationHint","[T] appealCoach.copyConversationHint","[T] appealCoach.copyConversationHint","tagged"
"appealCoach.copyChatBtn","[T] appealCoach.copyChatBtn","[T] appealCoach.copyChatBtn","[T] appealCoach.copyChatBtn","tagged"
"appealCoach.sendBtn","[T] appealCoach.sendBtn","[T] appealCoach.sendBtn","[T] appealCoach.sendBtn","tagged"
"bodyMechanics.tipWrists","[T] bodyMechanics.tipWrists","[T] bodyMechanics.tipWrists","[T] bodyMechanics.tipWrists","tagged"
"bodyMechanics.tipHinge","[T] bodyMechanics.tipHinge","[T] bodyMechanics.tipHinge","[T] bodyMechanics.tipHinge","tagged"
"bodyMechanics.tipPacing","[T] bodyMechanics.tipPacing","[T] bodyMechanics.tipPacing","[T] bodyMechanics.tipPacing","tagged"
"bodyMechanics.analysisComplete","[T] bodyMechanics.analysisComplete","[T] bodyMechanics.analysisComplete","[T] bodyMechanics.analysisComplete","tagged"
"bodyMechanics.analysisFailTitle","[T] bodyMechanics.analysisFailTitle","[T] bodyMechanics.analysisFailTitle","[T] bodyMechanics.analysisFailTitle","tagged"
"bodyMechanics.analysisFailMsg","[T] bodyMechanics.analysisFailMsg","[T] bodyMechanics.analysisFailMsg","[T] bodyMechanics.analysisFailMsg","tagged"
"bodyMechanics.shareTitle","[T] bodyMechanics.shareTitle","[T] bodyMechanics.shareTitle","[T] bodyMechanics.shareTitle","tagged"
"bodyMechanics.shareFailTitle","[T] bodyMechanics.shareFailTitle","[T] bodyMechanics.shareFailTitle","[T] bodyMechanics.shareFailTitle","tagged"
"bodyMechanics.shareFailMsg","[T] bodyMechanics.shareFailMsg","[T] bodyMechanics.shareFailMsg","[T] bodyMechanics.shareFailMsg","tagged"
"bodyMechanics.copiedTitle","[T] bodyMechanics.copiedTitle","[T] bodyMechanics.copiedTitle","[T] bodyMechanics.copiedTitle","tagged"
"bodyMechanics.copiedMsg","[T] bodyMechanics.copiedMsg","[T] bodyMechanics.copiedMsg","[T] bodyMechanics.copiedMsg","tagged"
"bodyMechanics.clipboardFailTitle","[T] bodyMechanics.clipboardFailTitle","[T] bodyMechanics.clipboardFailTitle","[T] bodyMechanics.clipboardFailTitle","tagged"
"bodyMechanics.clipboardFailMsg","[T] bodyMechanics.clipboardFailMsg","[T] bodyMechanics.clipboardFailMsg","[T] bodyMechanics.clipboardFailMsg","tagged"
"bodyMechanics.screenLabel","[T] bodyMechanics.screenLabel","[T] bodyMechanics.screenLabel","[T] bodyMechanics.screenLabel","tagged"
"bodyMechanics.howToUse","[T] bodyMechanics.howToUse","[T] bodyMechanics.howToUse","[T] bodyMechanics.howToUse","tagged"
"bodyMechanics.howToUseTitle","[T] bodyMechanics.howToUseTitle","[T] bodyMechanics.howToUseTitle","[T] bodyMechanics.howToUseTitle","tagged"
"bodyMechanics.instructions","[T] bodyMechanics.instructions","[T] bodyMechanics.instructions","[T] bodyMechanics.instructions","tagged"
"bodyMechanics.export","[T] bodyMechanics.export","[T] bodyMechanics.export","[T] bodyMechanics.export","tagged"
"bodyMechanics.exportHint","[T] bodyMechanics.exportHint","[T] bodyMechanics.exportHint","[T] bodyMechanics.exportHint","tagged"
"bodyMechanics.exportBtn","[T] bodyMechanics.exportBtn","[T] bodyMechanics.exportBtn","[T] bodyMechanics.exportBtn","tagged"
"bodyMechanics.copy","[T] bodyMechanics.copy","[T] bodyMechanics.copy","[T] bodyMechanics.copy","tagged"
"bodyMechanics.copyHint","[T] bodyMechanics.copyHint","[T] bodyMechanics.copyHint","[T] bodyMechanics.copyHint","tagged"
"bodyMechanics.copyBtn","[T] bodyMechanics.copyBtn","[T] bodyMechanics.copyBtn","[T] bodyMechanics.copyBtn","tagged"
"bodyMechanics.reset","[T] bodyMechanics.reset","[T] bodyMechanics.reset","[T] bodyMechanics.reset","tagged"
"bodyMechanics.resetHint","[T] bodyMechanics.resetHint","[T] bodyMechanics.resetHint","[T] bodyMechanics.resetHint","tagged"
"bodyMechanics.resetBtn","[T] bodyMechanics.resetBtn","[T] bodyMechanics.resetBtn","[T] bodyMechanics.resetBtn","tagged"
"bodyMechanics.subtitle","[T] bodyMechanics.subtitle","[T] bodyMechanics.subtitle","[T] bodyMechanics.subtitle","tagged"
"bodyMechanics.pickFailTitle","[T] bodyMechanics.pickFailTitle","[T] bodyMechanics.pickFailTitle","[T] bodyMechanics.pickFailTitle","tagged"
"bodyMechanics.pickFailMsg","[T] bodyMechanics.pickFailMsg","[T] bodyMechanics.pickFailMsg","[T] bodyMechanics.pickFailMsg","tagged"
"bodyMechanics.pick","[T] bodyMechanics.pick","[T] bodyMechanics.pick","[T] bodyMechanics.pick","tagged"
"bodyMechanics.pickHint","[T] bodyMechanics.pickHint","[T] bodyMechanics.pickHint","[T] bodyMechanics.pickHint","tagged"
"bodyMechanics.pickBtn","[T] bodyMechanics.pickBtn","[T] bodyMechanics.pickBtn","[T] bodyMechanics.pickBtn","tagged"
"bodyMechanics.selectedLabel","[T] bodyMechanics.selectedLabel","[T] bodyMechanics.selectedLabel","[T] bodyMechanics.selectedLabel","tagged"
"bodyMechanics.analyzing","[T] bodyMechanics.analyzing","[T] bodyMechanics.analyzing","[T] bodyMechanics.analyzing","tagged"
"bodyMechanics.suggestions","[T] bodyMechanics.suggestions","[T] bodyMechanics.suggestions","[T] bodyMechanics.suggestions","tagged"
"bodyMechanics.noSuggestionsYet","[T] bodyMechanics.noSuggestionsYet","[T] bodyMechanics.noSuggestionsYet","[T] bodyMechanics.noSuggestionsYet","tagged"